This is pdfTeX, Version 3.141592653-2.6-1.40.25 (MiKTeX 24.1) (preloaded format=pdflatex 2026.4.9)  3 MAY 2026 18:53
entering extended mode
 restricted \write18 enabled.
 file:line:error style messages enabled.
 %&-line parsing enabled.
**d:/HomeMind/main.tex
(d:/HomeMind/main.tex
LaTeX2e <2025-11-01>
L3 programming layer <2026-01-19>
(C:\Users\wblxr\AppData\Local\Programs\MiKTeX\tex/latex/ctex\ctexrep.cls (C:\Users\wblxr\AppData\Local\Programs\MiKTeX\tex/latex/ctex/config\ctexbackend.cfg
File: ctexbackend.cfg 2022/07/14 v2.5.10 Backend configuration file (CTEX)
) (C:\Users\wblxr\AppData\Local\Programs\MiKTeX\tex/latex/l3kernel\expl3.sty
Package: expl3 2026-01-19 L3 programming layer (loader) 
 (C:\Users\wblxr\AppData\Local\Programs\MiKTeX\tex/latex/l3backend\l3backend-pdftex.def
File: l3backend-pdftex.def 2025-10-09 L3 backend support: PDF output (pdfTeX)
\l__color_backend_stack_int=\count275
))
Document Class: ctexrep 2022/07/14 v2.5.10 Chinese adapter for class report (CTEX)
(C:\Users\wblxr\AppData\Local\Programs\MiKTeX\tex/latex/ctex\ctexhook.sty
Package: ctexhook 2022/07/14 v2.5.10 Document and package hooks (CTEX)
) (C:\Users\wblxr\AppData\Local\Programs\MiKTeX\tex/latex/ctex\ctexpatch.sty
Package: ctexpatch 2022/07/14 v2.5.10 Patching commands (CTEX)
) (C:\Users\wblxr\AppData\Local\Programs\MiKTeX\tex/latex/base\fix-cm.sty
Package: fix-cm 2020/11/24 v1.1t fixes to LaTeX
 (C:\Users\wblxr\AppData\Local\Programs\MiKTeX\tex/latex/base\ts1enc.def
File: ts1enc.def 2001/06/05 v3.0e (jk/car/fm) Standard LaTeX file
LaTeX Font Info:    Redeclaring font encoding TS1 on input line 47.
LaTeX Encoding Info:    Redeclaring text command \capitalcedilla (encoding TS1) on input line 49.
LaTeX Encoding Info:    Redeclaring text command \capitalogonek (encoding TS1) on input line 52.
LaTeX Encoding Info:    Redeclaring text command \capitalgrave (encoding TS1) on input line 55.
LaTeX Encoding Info:    Redeclaring text command \capitalacute (encoding TS1) on input line 56.
LaTeX Encoding Info:    Redeclaring text command \capitalcircumflex (encoding TS1) on input line 57.
LaTeX Encoding Info:    Redeclaring text command \capitaltilde (encoding TS1) on input line 58.
LaTeX Encoding Info:    Redeclaring text command \capitaldieresis (encoding TS1) on input line 59.
LaTeX Encoding Info:    Redeclaring text command \capitalhungarumlaut (encoding TS1) on input line 60.
LaTeX Encoding Info:    Redeclaring text command \capitalring (encoding TS1) on input line 61.
LaTeX Encoding Info:    Redeclaring text command \capitalcaron (encoding TS1) on input line 62.
LaTeX Encoding Info:    Redeclaring text command \capitalbreve (encoding TS1) on input line 63.
LaTeX Encoding Info:    Redeclaring text command \capitalmacron (encoding TS1) on input line 64.
LaTeX Encoding Info:    Redeclaring text command \capitaldotaccent (encoding TS1) on input line 65.
LaTeX Encoding Info:    Redeclaring text command \t (encoding TS1) on input line 66.
LaTeX Encoding Info:    Redeclaring text command \capitaltie (encoding TS1) on input line 67.
LaTeX Encoding Info:    Redeclaring text command \newtie (encoding TS1) on input line 68.
LaTeX Encoding Info:    Redeclaring text command \capitalnewtie (encoding TS1) on input line 69.
LaTeX Encoding Info:    Redeclaring text symbol \textcapitalcompwordmark (encoding TS1) on input line 70.
LaTeX Encoding Info:    Redeclaring text symbol \textascendercompwordmark (encoding TS1) on input line 71.
LaTeX Encoding Info:    Redeclaring text symbol \textquotestraightbase (encoding TS1) on input line 72.
LaTeX Encoding Info:    Redeclaring text symbol \textquotestraightdblbase (encoding TS1) on input line 73.
LaTeX Encoding Info:    Redeclaring text symbol \texttwelveudash (encoding TS1) on input line 74.
LaTeX Encoding Info:    Redeclaring text symbol \textthreequartersemdash (encoding TS1) on input line 75.
LaTeX Encoding Info:    Redeclaring text symbol \textleftarrow (encoding TS1) on input line 76.
LaTeX Encoding Info:    Redeclaring text symbol \textrightarrow (encoding TS1) on input line 77.
LaTeX Encoding Info:    Redeclaring text symbol \textblank (encoding TS1) on input line 78.
LaTeX Encoding Info:    Redeclaring text symbol \textdollar (encoding TS1) on input line 79.
LaTeX Encoding Info:    Redeclaring text symbol \textquotesingle (encoding TS1) on input line 80.
LaTeX Encoding Info:    Redeclaring text command \textasteriskcentered (encoding TS1) on input line 81.
LaTeX Encoding Info:    Redeclaring text symbol \textdblhyphen (encoding TS1) on input line 92.
LaTeX Encoding Info:    Redeclaring text symbol \textfractionsolidus (encoding TS1) on input line 93.
LaTeX Encoding Info:    Redeclaring text symbol \textzerooldstyle (encoding TS1) on input line 94.
LaTeX Encoding Info:    Redeclaring text symbol \textoneoldstyle (encoding TS1) on input line 95.
LaTeX Encoding Info:    Redeclaring text symbol \texttwooldstyle (encoding TS1) on input line 96.
LaTeX Encoding Info:    Redeclaring text symbol \textthreeoldstyle (encoding TS1) on input line 97.
LaTeX Encoding Info:    Redeclaring text symbol \textfouroldstyle (encoding TS1) on input line 98.
LaTeX Encoding Info:    Redeclaring text symbol \textfiveoldstyle (encoding TS1) on input line 99.
LaTeX Encoding Info:    Redeclaring text symbol \textsixoldstyle (encoding TS1) on input line 100.
LaTeX Encoding Info:    Redeclaring text symbol \textsevenoldstyle (encoding TS1) on input line 101.
LaTeX Encoding Info:    Redeclaring text symbol \texteightoldstyle (encoding TS1) on input line 102.
LaTeX Encoding Info:    Redeclaring text symbol \textnineoldstyle (encoding TS1) on input line 103.
LaTeX Encoding Info:    Redeclaring text symbol \textlangle (encoding TS1) on input line 104.
LaTeX Encoding Info:    Redeclaring text symbol \textminus (encoding TS1) on input line 105.
LaTeX Encoding Info:    Redeclaring text symbol \textrangle (encoding TS1) on input line 106.
LaTeX Encoding Info:    Redeclaring text symbol \textmho (encoding TS1) on input line 107.
LaTeX Encoding Info:    Redeclaring text symbol \textbigcircle (encoding TS1) on input line 108.
LaTeX Encoding Info:    Redeclaring text command \textcircled (encoding TS1) on input line 109.
LaTeX Encoding Info:    Redeclaring text symbol \textohm (encoding TS1) on input line 115.
LaTeX Encoding Info:    Redeclaring text symbol \textlbrackdbl (encoding TS1) on input line 116.
LaTeX Encoding Info:    Redeclaring text symbol \textrbrackdbl (encoding TS1) on input line 117.
LaTeX Encoding Info:    Redeclaring text symbol \textuparrow (encoding TS1) on input line 118.
LaTeX Encoding Info:    Redeclaring text symbol \textdownarrow (encoding TS1) on input line 119.
LaTeX Encoding Info:    Redeclaring text symbol \textasciigrave (encoding TS1) on input line 120.
LaTeX Encoding Info:    Redeclaring text symbol \textborn (encoding TS1) on input line 121.
LaTeX Encoding Info:    Redeclaring text symbol \textdivorced (encoding TS1) on input line 122.
LaTeX Encoding Info:    Redeclaring text symbol \textdied (encoding TS1) on input line 123.
LaTeX Encoding Info:    Redeclaring text symbol \textleaf (encoding TS1) on input line 124.
LaTeX Encoding Info:    Redeclaring text symbol \textmarried (encoding TS1) on input line 125.
LaTeX Encoding Info:    Redeclaring text symbol \textmusicalnote (encoding TS1) on input line 126.
LaTeX Encoding Info:    Redeclaring text symbol \texttildelow (encoding TS1) on input line 127.
LaTeX Encoding Info:    Redeclaring text symbol \textdblhyphenchar (encoding TS1) on input line 128.
LaTeX Encoding Info:    Redeclaring text symbol \textasciibreve (encoding TS1) on input line 129.
LaTeX Encoding Info:    Redeclaring text symbol \textasciicaron (encoding TS1) on input line 130.
LaTeX Encoding Info:    Redeclaring text symbol \textacutedbl (encoding TS1) on input line 131.
LaTeX Encoding Info:    Redeclaring text symbol \textgravedbl (encoding TS1) on input line 132.
LaTeX Encoding Info:    Redeclaring text symbol \textdagger (encoding TS1) on input line 133.
LaTeX Encoding Info:    Redeclaring text symbol \textdaggerdbl (encoding TS1) on input line 134.
LaTeX Encoding Info:    Redeclaring text symbol \textbardbl (encoding TS1) on input line 135.
LaTeX Encoding Info:    Redeclaring text symbol \textperthousand (encoding TS1) on input line 136.
LaTeX Encoding Info:    Redeclaring text symbol \textbullet (encoding TS1) on input line 137.
LaTeX Encoding Info:    Redeclaring text symbol \textcelsius (encoding TS1) on input line 138.
LaTeX Encoding Info:    Redeclaring text symbol \textdollaroldstyle (encoding TS1) on input line 139.
LaTeX Encoding Info:    Redeclaring text symbol \textcentoldstyle (encoding TS1) on input line 140.
LaTeX Encoding Info:    Redeclaring text symbol \textflorin (encoding TS1) on input line 141.
LaTeX Encoding Info:    Redeclaring text symbol \textcolonmonetary (encoding TS1) on input line 142.
LaTeX Encoding Info:    Redeclaring text symbol \textwon (encoding TS1) on input line 143.
LaTeX Encoding Info:    Redeclaring text symbol \textnaira (encoding TS1) on input line 144.
LaTeX Encoding Info:    Redeclaring text symbol \textguarani (encoding TS1) on input line 145.
LaTeX Encoding Info:    Redeclaring text symbol \textpeso (encoding TS1) on input line 146.
LaTeX Encoding Info:    Redeclaring text symbol \textlira (encoding TS1) on input line 147.
LaTeX Encoding Info:    Redeclaring text symbol \textrecipe (encoding TS1) on input line 148.
LaTeX Encoding Info:    Redeclaring text symbol \textinterrobang (encoding TS1) on input line 149.
LaTeX Encoding Info:    Redeclaring text symbol \textinterrobangdown (encoding TS1) on input line 150.
LaTeX Encoding Info:    Redeclaring text symbol \textdong (encoding TS1) on input line 151.
LaTeX Encoding Info:    Redeclaring text symbol \texttrademark (encoding TS1) on input line 152.
LaTeX Encoding Info:    Redeclaring text symbol \textpertenthousand (encoding TS1) on input line 153.
LaTeX Encoding Info:    Redeclaring text symbol \textpilcrow (encoding TS1) on input line 154.
LaTeX Encoding Info:    Redeclaring text symbol \textbaht (encoding TS1) on input line 155.
LaTeX Encoding Info:    Redeclaring text symbol \textnumero (encoding TS1) on input line 156.
LaTeX Encoding Info:    Redeclaring text symbol \textdiscount (encoding TS1) on input line 157.
LaTeX Encoding Info:    Redeclaring text symbol \textestimated (encoding TS1) on input line 158.
LaTeX Encoding Info:    Redeclaring text symbol \textopenbullet (encoding TS1) on input line 159.
LaTeX Encoding Info:    Redeclaring text symbol \textservicemark (encoding TS1) on input line 160.
LaTeX Encoding Info:    Redeclaring text symbol \textlquill (encoding TS1) on input line 161.
LaTeX Encoding Info:    Redeclaring text symbol \textrquill (encoding TS1) on input line 162.
LaTeX Encoding Info:    Redeclaring text symbol \textcent (encoding TS1) on input line 163.
LaTeX Encoding Info:    Redeclaring text symbol \textsterling (encoding TS1) on input line 164.
LaTeX Encoding Info:    Redeclaring text symbol \textcurrency (encoding TS1) on input line 165.
LaTeX Encoding Info:    Redeclaring text symbol \textyen (encoding TS1) on input line 166.
LaTeX Encoding Info:    Redeclaring text symbol \textbrokenbar (encoding TS1) on input line 167.
LaTeX Encoding Info:    Redeclaring text symbol \textsection (encoding TS1) on input line 168.
LaTeX Encoding Info:    Redeclaring text symbol \textasciidieresis (encoding TS1) on input line 169.
LaTeX Encoding Info:    Redeclaring text symbol \textcopyright (encoding TS1) on input line 170.
LaTeX Encoding Info:    Redeclaring text symbol \textordfeminine (encoding TS1) on input line 171.
LaTeX Encoding Info:    Redeclaring text symbol \textcopyleft (encoding TS1) on input line 172.
LaTeX Encoding Info:    Redeclaring text symbol \textlnot (encoding TS1) on input line 173.
LaTeX Encoding Info:    Redeclaring text symbol \textcircledP (encoding TS1) on input line 174.
LaTeX Encoding Info:    Redeclaring text symbol \textregistered (encoding TS1) on input line 175.
LaTeX Encoding Info:    Redeclaring text symbol \textasciimacron (encoding TS1) on input line 176.
LaTeX Encoding Info:    Redeclaring text symbol \textdegree (encoding TS1) on input line 177.
LaTeX Encoding Info:    Redeclaring text symbol \textpm (encoding TS1) on input line 178.
LaTeX Encoding Info:    Redeclaring text symbol \texttwosuperior (encoding TS1) on input line 179.
LaTeX Encoding Info:    Redeclaring text symbol \textthreesuperior (encoding TS1) on input line 180.
LaTeX Encoding Info:    Redeclaring text symbol \textasciiacute (encoding TS1) on input line 181.
LaTeX Encoding Info:    Redeclaring text symbol \textmu (encoding TS1) on input line 182.
LaTeX Encoding Info:    Redeclaring text symbol \textparagraph (encoding TS1) on input line 183.
LaTeX Encoding Info:    Redeclaring text symbol \textperiodcentered (encoding TS1) on input line 184.
LaTeX Encoding Info:    Redeclaring text symbol \textreferencemark (encoding TS1) on input line 185.
LaTeX Encoding Info:    Redeclaring text symbol \textonesuperior (encoding TS1) on input line 186.
LaTeX Encoding Info:    Redeclaring text symbol \textordmasculine (encoding TS1) on input line 187.
LaTeX Encoding Info:    Redeclaring text symbol \textsurd (encoding TS1) on input line 188.
LaTeX Encoding Info:    Redeclaring text symbol \textonequarter (encoding TS1) on input line 189.
LaTeX Encoding Info:    Redeclaring text symbol \textonehalf (encoding TS1) on input line 190.
LaTeX Encoding Info:    Redeclaring text symbol \textthreequarters (encoding TS1) on input line 191.
LaTeX Encoding Info:    Redeclaring text symbol \texteuro (encoding TS1) on input line 192.
LaTeX Encoding Info:    Redeclaring text symbol \texttimes (encoding TS1) on input line 193.
LaTeX Encoding Info:    Redeclaring text symbol \textdiv (encoding TS1) on input line 194.
))
\l__ctex_tmp_int=\count276
\l__ctex_tmp_box=\box53
\l__ctex_tmp_dim=\dimen148
\g__ctex_section_depth_int=\count277
\g__ctex_font_size_int=\count278
 (C:\Users\wblxr\AppData\Local\Programs\MiKTeX\tex/latex/ctex/config\ctexopts.cfg
File: ctexopts.cfg 2022/07/14 v2.5.10 Option configuration file (CTEX)
)

Class ctexrep Warning: UTF8 will be used as the default encoding.

(C:\Users\wblxr\AppData\Local\Programs\MiKTeX\tex/latex/base\report.cls
Document Class: report 2025/01/22 v1.4n Standard LaTeX document class
(C:\Users\wblxr\AppData\Local\Programs\MiKTeX\tex/latex/base\size12.clo
File: size12.clo 2025/01/22 v1.4n Standard LaTeX file (size option)
)
\c@part=\count279
\c@chapter=\count280
\c@section=\count281
\c@subsection=\count282
\c@subsubsection=\count283
\c@paragraph=\count284
\c@subparagraph=\count285
\c@figure=\count286
\c@table=\count287
\abovecaptionskip=\skip49
\belowcaptionskip=\skip50
\bibindent=\dimen149
) (C:\Users\wblxr\AppData\Local\Programs\MiKTeX\tex/latex/ctex/engine\ctex-engine-pdftex.def
File: ctex-engine-pdftex.def 2022/07/14 v2.5.10 (pdf)LaTeX adapter (CTEX)
 (C:\Users\wblxr\AppData\Local\Programs\MiKTeX\tex/latex/cjk\CJKutf8.sty
Package: CJKutf8 2021/10/16 4.8.5
 (C:\Users\wblxr\AppData\Local\Programs\MiKTeX\tex/generic/iftex\ifpdf.sty
Package: ifpdf 2019/10/25 v3.4 ifpdf legacy package. Use iftex instead.
 (C:\Users\wblxr\AppData\Local\Programs\MiKTeX\tex/generic/iftex\iftex.sty
Package: iftex 2024/12/12 v1.0g TeX engine tests
)) (C:\Users\wblxr\AppData\Local\Programs\MiKTeX\tex/latex/base\inputenc.sty
Package: inputenc 2024/02/08 v1.3d Input encoding file
\inpenc@prehook=\toks17
\inpenc@posthook=\toks18
) (C:\Users\wblxr\AppData\Local\Programs\MiKTeX\tex/latex/cjk\CJK.sty
Package: CJK 2021/10/16 4.8.5
 (C:\Users\wblxr\AppData\Local\Programs\MiKTeX\tex/latex/cjk/mule\MULEenc.sty
Package: MULEenc 2021/10/16 4.8.5
) (C:\Users\wblxr\AppData\Local\Programs\MiKTeX\tex/latex/cjk\CJK.enc
File: CJK.enc 2021/10/16 4.8.5
Now handling font encoding C00 ...
... no UTF-8 mapping file for font encoding C00
Now handling font encoding C05 ...
... no UTF-8 mapping file for font encoding C05
Now handling font encoding C09 ...
... no UTF-8 mapping file for font encoding C09
Now handling font encoding C10 ...
... no UTF-8 mapping file for font encoding C10
Now handling font encoding C20 ...
... no UTF-8 mapping file for font encoding C20
Now handling font encoding C19 ...
... no UTF-8 mapping file for font encoding C19
Now handling font encoding C40 ...
... no UTF-8 mapping file for font encoding C40
Now handling font encoding C42 ...
... no UTF-8 mapping file for font encoding C42
Now handling font encoding C43 ...
... no UTF-8 mapping file for font encoding C43
Now handling font encoding C50 ...
... no UTF-8 mapping file for font encoding C50
Now handling font encoding C52 ...
... no UTF-8 mapping file for font encoding C52
Now handling font encoding C49 ...
... no UTF-8 mapping file for font encoding C49
Now handling font encoding C60 ...
... no UTF-8 mapping file for font encoding C60
Now handling font encoding C61 ...
... no UTF-8 mapping file for font encoding C61
Now handling font encoding C63 ...
... no UTF-8 mapping file for font encoding C63
Now handling font encoding C64 ...
... no UTF-8 mapping file for font encoding C64
Now handling font encoding C65 ...
... no UTF-8 mapping file for font encoding C65
Now handling font encoding C70 ...
... no UTF-8 mapping file for font encoding C70
Now handling font encoding C31 ...
... no UTF-8 mapping file for font encoding C31
Now handling font encoding C32 ...
... no UTF-8 mapping file for font encoding C32
Now handling font encoding C33 ...
... no UTF-8 mapping file for font encoding C33
Now handling font encoding C34 ...
... no UTF-8 mapping file for font encoding C34
Now handling font encoding C35 ...
... no UTF-8 mapping file for font encoding C35
Now handling font encoding C36 ...
... no UTF-8 mapping file for font encoding C36
Now handling font encoding C37 ...
... no UTF-8 mapping file for font encoding C37
Now handling font encoding C80 ...
... no UTF-8 mapping file for font encoding C80
Now handling font encoding C81 ...
... no UTF-8 mapping file for font encoding C81
Now handling font encoding C01 ...
... no UTF-8 mapping file for font encoding C01
Now handling font encoding C11 ...
... no UTF-8 mapping file for font encoding C11
Now handling font encoding C21 ...
... no UTF-8 mapping file for font encoding C21
Now handling font encoding C41 ...
... no UTF-8 mapping file for font encoding C41
Now handling font encoding C62 ...
... no UTF-8 mapping file for font encoding C62
)
\CJK@indent=\box54
) (C:\Users\wblxr\AppData\Local\Programs\MiKTeX\tex/latex/base\fontenc.sty
Package: fontenc 2025/07/18 v2.1d Standard LaTeX package
)) (C:\Users\wblxr\AppData\Local\Programs\MiKTeX\tex/latex/cjkpunct\CJKpunct.sty
Package: CJKpunct 2016/05/14 4.8.4
\CJKpunct@cnta=\count288
\CJKpunct@cntb=\count289
\CJKpunct@cntc=\count290
\CJKpunct@cntd=\count291
\CJKpunct@cnte=\count292
   defining Unicode char U+2018 (decimal 8216)
   defining Unicode char U+2019 (decimal 8217)
   defining Unicode char U+201C (decimal 8220)
   defining Unicode char U+201D (decimal 8221)
   defining Unicode char U+2014 (decimal 8212)
   defining Unicode char U+2026 (decimal 8230)
 (C:\Users\wblxr\AppData\Local\Programs\MiKTeX\tex/latex/cjkpunct\CJKpunct.spa)) (C:\Users\wblxr\AppData\Local\Programs\MiKTeX\tex/latex/cjk\CJKspace.sty
Package: CJKspace 2021/10/16 3.8.0
) (C:\Users\wblxr\AppData\Local\Programs\MiKTeX\tex/latex/cjk/UTF8\UTF8.bdg
File: UTF8.bdg 2021/10/16 4.8.5
) (C:\Users\wblxr\AppData\Local\Programs\MiKTeX\tex/latex/ctex\ctexspa.def
File: ctexspa.def 2022/07/14 v2.5.10 Space info for CJKpunct (CTEX)
)
\ccwd=\dimen150
\l__ctex_ccglue_skip=\skip51
)
\l__ctex_ziju_dim=\dimen151
 (C:\Users\wblxr\AppData\Local\Programs\MiKTeX\tex/latex/zhnumber\zhnumber.sty
Package: zhnumber 2022/07/14 v3.0 Typesetting numbers with Chinese glyphs
\l__zhnum_scale_int=\count293
\l__zhnum_tmp_int=\count294
 (C:\Users\wblxr\AppData\Local\Programs\MiKTeX\tex/latex/zhnumber\zhnumber-utf8.cfg
File: zhnumber-utf8.cfg 2022/07/14 v3.0 Chinese numerals with UTF8 encoding
))
\l__ctex_heading_skip=\skip52
 (C:\Users\wblxr\AppData\Local\Programs\MiKTeX\tex/latex/ctex/scheme\ctex-scheme-chinese-report.def
File: ctex-scheme-chinese-report.def 2022/07/14 v2.5.10 Chinese scheme for report (CTEX)
 (C:\Users\wblxr\AppData\Local\Programs\MiKTeX\tex/latex/ctex/config\ctex-name-utf8.cfg
File: ctex-name-utf8.cfg 2022/07/14 v2.5.10 Caption with encoding UTF-8 (CTEX)
)) (C:\Users\wblxr\AppData\Local\Programs\MiKTeX\tex/latex/ctex/fontset\ctex-fontset-windows.def
File: ctex-fontset-windows.def 2022/07/14 v2.5.10 Windows fonts definition (CTEX)
)) (C:\Users\wblxr\AppData\Local\Programs\MiKTeX\tex/latex/ctex/config\ctex.cfg
File: ctex.cfg 2022/07/14 v2.5.10 Configuration file (CTEX)
) (C:\Users\wblxr\AppData\Local\Programs\MiKTeX\tex/latex/geometry\geometry.sty
Package: geometry 2020/01/02 v5.9 Page Geometry
 (C:\Users\wblxr\AppData\Local\Programs\MiKTeX\tex/latex/graphics\keyval.sty
Package: keyval 2022/05/29 v1.15 key=value parser (DPC)
\KV@toks@=\toks19
) (C:\Users\wblxr\AppData\Local\Programs\MiKTeX\tex/generic/iftex\ifvtex.sty
Package: ifvtex 2019/10/25 v1.7 ifvtex legacy package. Use iftex instead.
)
\Gm@cnth=\count295
\Gm@cntv=\count296
\c@Gm@tempcnt=\count297
\Gm@bindingoffset=\dimen152
\Gm@wd@mp=\dimen153
\Gm@odd@mp=\dimen154
\Gm@even@mp=\dimen155
\Gm@layoutwidth=\dimen156
\Gm@layoutheight=\dimen157
\Gm@layouthoffset=\dimen158
\Gm@layoutvoffset=\dimen159
\Gm@dimlist=\toks20
 (C:\Users\wblxr\AppData\Local\Programs\MiKTeX\tex/latex/geometry\geometry.cfg)) (C:\Users\wblxr\AppData\Local\Programs\MiKTeX\tex/latex/graphics\graphicx.sty
Package: graphicx 2021/09/16 v1.2d Enhanced LaTeX Graphics (DPC,SPQR)
 (C:\Users\wblxr\AppData\Local\Programs\MiKTeX\tex/latex/graphics\graphics.sty
Package: graphics 2022/03/10 v1.4e Standard LaTeX Graphics (DPC,SPQR)
 (C:\Users\wblxr\AppData\Local\Programs\MiKTeX\tex/latex/graphics\trig.sty
Package: trig 2021/08/11 v1.11 sin cos tan (DPC)
) (C:\Users\wblxr\AppData\Local\Programs\MiKTeX\tex/latex/graphics-cfg\graphics.cfg
File: graphics.cfg 2016/06/04 v1.11 sample graphics configuration
)
Package graphics Info: Driver file: pdftex.def on input line 107.
 (C:\Users\wblxr\AppData\Local\Programs\MiKTeX\tex/latex/graphics-def\pdftex.def
File: pdftex.def 2022/09/22 v1.2b Graphics/color driver for pdftex
))
\Gin@req@height=\dimen160
\Gin@req@width=\dimen161
) (C:\Users\wblxr\AppData\Local\Programs\MiKTeX\tex/latex/tools\array.sty
Package: array 2023/10/16 v2.5g Tabular extension package (FMi)
\col@sep=\dimen162
\ar@mcellbox=\box55
\extrarowheight=\dimen163
\NC@list=\toks21
\extratabsurround=\skip53
\backup@length=\skip54
\ar@cellbox=\box56
) (C:\Users\wblxr\AppData\Local\Programs\MiKTeX\tex/latex/booktabs\booktabs.sty
Package: booktabs 2020/01/12 v1.61803398 Publication quality tables
\heavyrulewidth=\dimen164
\lightrulewidth=\dimen165
\cmidrulewidth=\dimen166
\belowrulesep=\dimen167
\belowbottomsep=\dimen168
\aboverulesep=\dimen169
\abovetopsep=\dimen170
\cmidrulesep=\dimen171
\cmidrulekern=\dimen172
\defaultaddspace=\dimen173
\@cmidla=\count298
\@cmidlb=\count299
\@aboverulesep=\dimen174
\@belowrulesep=\dimen175
\@thisruleclass=\count300
\@lastruleclass=\count301
\@thisrulewidth=\dimen176
) (C:\Users\wblxr\AppData\Local\Programs\MiKTeX\tex/latex/tools\longtable.sty
Package: longtable 2023-11-01 v4.19 Multi-page Table package (DPC)
\LTleft=\skip55
\LTright=\skip56
\LTpre=\skip57
\LTpost=\skip58
\LTchunksize=\count302
\LTcapwidth=\dimen177
\LT@head=\box57
\LT@firsthead=\box58
\LT@foot=\box59
\LT@lastfoot=\box60
\LT@gbox=\box61
\LT@cols=\count303
\LT@rows=\count304
\c@LT@tables=\count305
\c@LT@chunks=\count306
\LT@p@ftn=\toks22
) (C:\Users\wblxr\AppData\Local\Programs\MiKTeX\tex/latex/tools\tabularx.sty
Package: tabularx 2023/07/08 v2.11c `tabularx' package (DPC)
\TX@col@width=\dimen178
\TX@old@table=\dimen179
\TX@old@col=\dimen180
\TX@target=\dimen181
\TX@delta=\dimen182
\TX@cols=\count307
\TX@ftn=\toks23
) (C:\Users\wblxr\AppData\Local\Programs\MiKTeX\tex/latex/multirow\multirow.sty
Package: multirow 2024/11/12 v2.9 Span multiple rows of a table
\multirow@colwidth=\skip59
\multirow@cntb=\count308
\multirow@dima=\skip60
\bigstrutjot=\dimen183
) (C:\Users\wblxr\AppData\Local\Programs\MiKTeX\tex/latex/enumitem\enumitem.sty
Package: enumitem 2025/02/06 v3.11 Customized lists
\labelindent=\skip61
\enit@outerparindent=\dimen184
\enit@toks=\toks24
\enit@inbox=\box62
\enit@count@id=\count309
\enitdp@description=\count310
) (C:\Users\wblxr\AppData\Local\Programs\MiKTeX\tex/latex/xcolor\xcolor.sty
Package: xcolor 2023/11/15 v3.01 LaTeX color extensions (UK)
 (C:\Users\wblxr\AppData\Local\Programs\MiKTeX\tex/latex/graphics-cfg\color.cfg
File: color.cfg 2016/01/02 v1.6 sample color configuration
)
Package xcolor Info: Driver file: pdftex.def on input line 274.
 (C:\Users\wblxr\AppData\Local\Programs\MiKTeX\tex/latex/graphics\mathcolor.ltx)
Package xcolor Info: Model `cmy' substituted by `cmy0' on input line 1350.
Package xcolor Info: Model `hsb' substituted by `rgb' on input line 1354.
Package xcolor Info: Model `RGB' extended on input line 1366.
Package xcolor Info: Model `HTML' substituted by `rgb' on input line 1368.
Package xcolor Info: Model `Hsb' substituted by `hsb' on input line 1369.
Package xcolor Info: Model `tHsb' substituted by `hsb' on input line 1370.
Package xcolor Info: Model `HSB' substituted by `hsb' on input line 1371.
Package xcolor Info: Model `Gray' substituted by `gray' on input line 1372.
Package xcolor Info: Model `wave' substituted by `hsb' on input line 1373.
) (C:\Users\wblxr\AppData\Local\Programs\MiKTeX\tex/latex/hyperref\hyperref.sty
Package: hyperref 2023-11-26 v7.01g Hypertext links for LaTeX
 (C:\Users\wblxr\AppData\Local\Programs\MiKTeX\tex/generic/infwarerr\infwarerr.sty
Package: infwarerr 2019/12/03 v1.5 Providing info/warning/error messages (HO)
) (C:\Users\wblxr\AppData\Local\Programs\MiKTeX\tex/latex/kvsetkeys\kvsetkeys.sty
Package: kvsetkeys 2022-10-05 v1.19 Key value parser (HO)
) (C:\Users\wblxr\AppData\Local\Programs\MiKTeX\tex/generic/kvdefinekeys\kvdefinekeys.sty
Package: kvdefinekeys 2019-12-19 v1.6 Define keys (HO)
) (C:\Users\wblxr\AppData\Local\Programs\MiKTeX\tex/generic/pdfescape\pdfescape.sty
Package: pdfescape 2019/12/09 v1.15 Implements pdfTeX's escape features (HO)
 (C:\Users\wblxr\AppData\Local\Programs\MiKTeX\tex/generic/ltxcmds\ltxcmds.sty
Package: ltxcmds 2023-12-04 v1.26 LaTeX kernel commands for general use (HO)
) (C:\Users\wblxr\AppData\Local\Programs\MiKTeX\tex/generic/pdftexcmds\pdftexcmds.sty
Package: pdftexcmds 2020-06-27 v0.33 Utility functions of pdfTeX for LuaTeX (HO)
Package pdftexcmds Info: \pdf@primitive is available.
Package pdftexcmds Info: \pdf@ifprimitive is available.
Package pdftexcmds Info: \pdfdraftmode found.
)) (C:\Users\wblxr\AppData\Local\Programs\MiKTeX\tex/latex/hycolor\hycolor.sty
Package: hycolor 2020-01-27 v1.10 Color options for hyperref/bookmark (HO)
) (C:\Users\wblxr\AppData\Local\Programs\MiKTeX\tex/latex/letltxmacro\letltxmacro.sty
Package: letltxmacro 2019/12/03 v1.6 Let assignment for LaTeX macros (HO)
) (C:\Users\wblxr\AppData\Local\Programs\MiKTeX\tex/latex/auxhook\auxhook.sty
Package: auxhook 2019-12-17 v1.6 Hooks for auxiliary files (HO)
) (C:\Users\wblxr\AppData\Local\Programs\MiKTeX\tex/latex/hyperref\nameref.sty
Package: nameref 2023-11-26 v2.56 Cross-referencing by name of section
 (C:\Users\wblxr\AppData\Local\Programs\MiKTeX\tex/latex/refcount\refcount.sty
Package: refcount 2019/12/15 v3.6 Data extraction from label references (HO)
) (C:\Users\wblxr\AppData\Local\Programs\MiKTeX\tex/generic/gettitlestring\gettitlestring.sty
Package: gettitlestring 2019/12/15 v1.6 Cleanup title references (HO)
 (C:\Users\wblxr\AppData\Local\Programs\MiKTeX\tex/latex/kvoptions\kvoptions.sty
Package: kvoptions 2022-06-15 v3.15 Key value format for package options (HO)
))
\c@section@level=\count311
) (C:\Users\wblxr\AppData\Local\Programs\MiKTeX\tex/latex/etoolbox\etoolbox.sty
Package: etoolbox 2020/10/05 v2.5k e-TeX tools for LaTeX (JAW)
\etb@tempcnta=\count312
)
\@linkdim=\dimen185
\Hy@linkcounter=\count313
\Hy@pagecounter=\count314
 (C:\Users\wblxr\AppData\Local\Programs\MiKTeX\tex/latex/hyperref\pd1enc.def
File: pd1enc.def 2023-11-26 v7.01g Hyperref: PDFDocEncoding definition (HO)
Now handling font encoding PD1 ...
... no UTF-8 mapping file for font encoding PD1
) (C:\Users\wblxr\AppData\Local\Programs\MiKTeX\tex/generic/intcalc\intcalc.sty
Package: intcalc 2019/12/15 v1.3 Expandable calculations with integers (HO)
)
\Hy@SavedSpaceFactor=\count315
 (C:\Users\wblxr\AppData\Local\Programs\MiKTeX\tex/latex/hyperref\puenc.def
File: puenc.def 2023-11-26 v7.01g Hyperref: PDF Unicode definition (HO)
Now handling font encoding PU ...
... no UTF-8 mapping file for font encoding PU
)
Package hyperref Info: Option `unicode' set `true' on input line 4064.
Package hyperref Info: Hyper figures OFF on input line 4181.
Package hyperref Info: Link nesting OFF on input line 4186.
Package hyperref Info: Hyper index ON on input line 4189.
Package hyperref Info: Plain pages OFF on input line 4196.
Package hyperref Info: Backreferencing OFF on input line 4201.
Package hyperref Info: Implicit mode ON; LaTeX internals redefined.
Package hyperref Info: Bookmarks ON on input line 4448.
\c@Hy@tempcnt=\count316
 (C:\Users\wblxr\AppData\Local\Programs\MiKTeX\tex/latex/url\url.sty
\Urlmuskip=\muskip17
Package: url 2013/09/16  ver 3.4  Verb mode for urls, etc.
)
LaTeX Info: Redefining \url on input line 4786.
\XeTeXLinkMargin=\dimen186
 (C:\Users\wblxr\AppData\Local\Programs\MiKTeX\tex/generic/bitset\bitset.sty
Package: bitset 2019/12/09 v1.3 Handle bit-vector datatype (HO)
 (C:\Users\wblxr\AppData\Local\Programs\MiKTeX\tex/generic/bigintcalc\bigintcalc.sty
Package: bigintcalc 2019/12/15 v1.5 Expandable calculations on big integers (HO)
))
\Fld@menulength=\count317
\Field@Width=\dimen187
\Fld@charsize=\dimen188
Package hyperref Info: Hyper figures OFF on input line 6065.
Package hyperref Info: Link nesting OFF on input line 6070.
Package hyperref Info: Hyper index ON on input line 6073.
Package hyperref Info: backreferencing OFF on input line 6080.
Package hyperref Info: Link coloring OFF on input line 6085.
Package hyperref Info: Link coloring with OCG OFF on input line 6090.
Package hyperref Info: PDF/A mode OFF on input line 6095.
 (C:\Users\wblxr\AppData\Local\Programs\MiKTeX\tex/latex/base\atbegshi-ltx.sty
Package: atbegshi-ltx 2021/01/10 v1.0c Emulation of the original atbegshi
package with kernel methods
)
\Hy@abspage=\count318
\c@Item=\count319
\c@Hfootnote=\count320


LaTeX Warning: Command `\theHfootnote' already defined -- not changed on input line 7264.

)
Package hyperref Info: Driver (autodetected): hpdftex.
 (C:\Users\wblxr\AppData\Local\Programs\MiKTeX\tex/latex/hyperref\hpdftex.def
File: hpdftex.def 2023-11-26 v7.01g Hyperref driver for pdfTeX
 (C:\Users\wblxr\AppData\Local\Programs\MiKTeX\tex/latex/base\atveryend-ltx.sty
Package: atveryend-ltx 2020/08/19 v1.0a Emulation of the original atveryend package
with kernel methods
)
\Fld@listcount=\count321
\c@bookmark@seq@number=\count322
 (C:\Users\wblxr\AppData\Local\Programs\MiKTeX\tex/latex/rerunfilecheck\rerunfilecheck.sty
Package: rerunfilecheck 2025-06-21 v1.11 Rerun checks for auxiliary files (HO)
 (C:\Users\wblxr\AppData\Local\Programs\MiKTeX\tex/generic/uniquecounter\uniquecounter.sty
Package: uniquecounter 2019/12/15 v1.4 Provide unlimited unique counter (HO)
)
Package uniquecounter Info: New unique counter `rerunfilecheck' on input line 284.
)
\Hy@SectionHShift=\skip62
) (C:\Users\wblxr\AppData\Local\Programs\MiKTeX\tex/latex/caption\caption.sty
Package: caption 2023/08/05 v3.6o Customizing captions (AR)
 (C:\Users\wblxr\AppData\Local\Programs\MiKTeX\tex/latex/caption\caption3.sty
Package: caption3 2023/07/31 v2.4d caption3 kernel (AR)
\caption@tempdima=\dimen189
\captionmargin=\dimen190
\caption@leftmargin=\dimen191
\caption@rightmargin=\dimen192
\caption@width=\dimen193
\caption@indent=\dimen194
\caption@parindent=\dimen195
\caption@hangindent=\dimen196
Package caption Info: Standard document class detected.
)
\c@caption@flags=\count323
\c@continuedfloat=\count324
Package caption Info: hyperref package is loaded.
Package caption Info: longtable package is loaded.
 (C:\Users\wblxr\AppData\Local\Programs\MiKTeX\tex/latex/caption\ltcaption.sty
Package: ltcaption 2021/01/08 v1.4c longtable captions (AR)
)) (C:\Users\wblxr\AppData\Local\Programs\MiKTeX\tex/latex/caption\subcaption.sty
Package: subcaption 2023/07/28 v1.6b Sub-captions (AR)
Package caption Info: New subtype `subfigure' on input line 238.
\c@subfigure=\count325
Package caption Info: New subtype `subtable' on input line 238.
\c@subtable=\count326
) (C:\Users\wblxr\AppData\Local\Programs\MiKTeX\tex/latex/float\float.sty
Package: float 2001/11/08 v1.3d Float enhancements (AL)
\c@float@type=\count327
\float@exts=\toks25
\float@box=\box63
\@float@everytoks=\toks26
\@floatcapt=\box64
) (C:\Users\wblxr\AppData\Local\Programs\MiKTeX\tex/latex/fancyhdr\fancyhdr.sty
Package: fancyhdr 2025/02/07 v5.2 Extensive control of page headers and footers
\f@nch@headwidth=\skip63
\f@nch@offset@elh=\skip64
\f@nch@offset@erh=\skip65
\f@nch@offset@olh=\skip66
\f@nch@offset@orh=\skip67
\f@nch@offset@elf=\skip68
\f@nch@offset@erf=\skip69
\f@nch@offset@olf=\skip70
\f@nch@offset@orf=\skip71
\f@nch@height=\skip72
\f@nch@footalignment=\skip73
\f@nch@widthL=\skip74
\f@nch@widthC=\skip75
\f@nch@widthR=\skip76
\@temptokenb=\toks27
) (C:\Users\wblxr\AppData\Local\Programs\MiKTeX\tex/latex/titlesec\titlesec.sty
Package: titlesec 2025/01/04 v2.17 Sectioning titles
\ttl@box=\box65
\beforetitleunit=\skip77
\aftertitleunit=\skip78
\ttl@plus=\dimen197
\ttl@minus=\dimen198
\ttl@toksa=\toks28
\titlewidth=\dimen199
\titlewidthlast=\dimen256
\titlewidthfirst=\dimen257
) (C:\Users\wblxr\AppData\Local\Programs\MiKTeX\tex/latex/amsmath\amsmath.sty
Package: amsmath 2023/05/13 v2.17o AMS math features
\@mathmargin=\skip79

For additional information on amsmath, use the `?' option.
(C:\Users\wblxr\AppData\Local\Programs\MiKTeX\tex/latex/amsmath\amstext.sty
Package: amstext 2021/08/26 v2.01 AMS text
 (C:\Users\wblxr\AppData\Local\Programs\MiKTeX\tex/latex/amsmath\amsgen.sty
File: amsgen.sty 1999/11/30 v2.0 generic functions
\@emptytoks=\toks29
\ex@=\dimen258
)) (C:\Users\wblxr\AppData\Local\Programs\MiKTeX\tex/latex/amsmath\amsbsy.sty
Package: amsbsy 1999/11/29 v1.2d Bold Symbols
\pmbraise@=\dimen259
) (C:\Users\wblxr\AppData\Local\Programs\MiKTeX\tex/latex/amsmath\amsopn.sty
Package: amsopn 2022/04/08 v2.04 operator names
)
\inf@bad=\count328
LaTeX Info: Redefining \frac on input line 234.
\uproot@=\count329
\leftroot@=\count330
LaTeX Info: Redefining \overline on input line 399.
LaTeX Info: Redefining \colon on input line 410.
\classnum@=\count331
\DOTSCASE@=\count332
LaTeX Info: Redefining \ldots on input line 496.
LaTeX Info: Redefining \dots on input line 499.
LaTeX Info: Redefining \cdots on input line 620.
\Mathstrutbox@=\box66
\strutbox@=\box67
LaTeX Info: Redefining \big on input line 722.
LaTeX Info: Redefining \Big on input line 723.
LaTeX Info: Redefining \bigg on input line 724.
LaTeX Info: Redefining \Bigg on input line 725.
\big@size=\dimen260
LaTeX Font Info:    Redeclaring font encoding OML on input line 743.
LaTeX Font Info:    Redeclaring font encoding OMS on input line 744.
\macc@depth=\count333
LaTeX Info: Redefining \bmod on input line 905.
LaTeX Info: Redefining \pmod on input line 910.
LaTeX Info: Redefining \smash on input line 940.
LaTeX Info: Redefining \relbar on input line 970.
LaTeX Info: Redefining \Relbar on input line 971.
\c@MaxMatrixCols=\count334
\dotsspace@=\muskip18
\c@parentequation=\count335
\dspbrk@lvl=\count336
\tag@help=\toks30
\row@=\count337
\column@=\count338
\maxfields@=\count339
\andhelp@=\toks31
\eqnshift@=\dimen261
\alignsep@=\dimen262
\tagshift@=\dimen263
\tagwidth@=\dimen264
\totwidth@=\dimen265
\lineht@=\dimen266
\@envbody=\toks32
\multlinegap=\skip80
\multlinetaggap=\skip81
\mathdisplay@stack=\toks33
LaTeX Info: Redefining \[ on input line 2953.
LaTeX Info: Redefining \] on input line 2954.
) (C:\Users\wblxr\AppData\Local\Programs\MiKTeX\tex/latex/amsfonts\amssymb.sty
Package: amssymb 2013/01/14 v3.01 AMS font symbols
 (C:\Users\wblxr\AppData\Local\Programs\MiKTeX\tex/latex/amsfonts\amsfonts.sty
Package: amsfonts 2013/01/14 v3.01 Basic AMSFonts support
\symAMSa=\mathgroup4
\symAMSb=\mathgroup5
LaTeX Font Info:    Redeclaring math symbol \hbar on input line 98.
LaTeX Font Info:    Overwriting math alphabet `\mathfrak' in version `bold'
(Font)                  U/euf/m/n --> U/euf/b/n on input line 106.
)) (C:\Users\wblxr\AppData\Local\Programs\MiKTeX\tex/latex/pgf/frontendlayer\tikz.sty (C:\Users\wblxr\AppData\Local\Programs\MiKTeX\tex/latex/pgf/basiclayer\pgf.sty (C:\Users\wblxr\AppData\Local\Programs\MiKTeX\tex/latex/pgf/utilities\pgfrcs.sty (C:\Users\wblxr\AppData\Local\Programs\MiKTeX\tex/generic/pgf/utilities\pgfutil-common.tex
\pgfutil@everybye=\toks34
\pgfutil@tempdima=\dimen267
\pgfutil@tempdimb=\dimen268
) (C:\Users\wblxr\AppData\Local\Programs\MiKTeX\tex/generic/pgf/utilities\pgfutil-latex.def
\pgfutil@abb=\box68
) (C:\Users\wblxr\AppData\Local\Programs\MiKTeX\tex/generic/pgf/utilities\pgfrcs.code.tex (C:\Users\wblxr\AppData\Local\Programs\MiKTeX\tex/generic/pgf\pgf.revision.tex)
Package: pgfrcs 2023-01-15 v3.1.10 (3.1.10)
))
Package: pgf 2023-01-15 v3.1.10 (3.1.10)
 (C:\Users\wblxr\AppData\Local\Programs\MiKTeX\tex/latex/pgf/basiclayer\pgfcore.sty (C:\Users\wblxr\AppData\Local\Programs\MiKTeX\tex/latex/pgf/systemlayer\pgfsys.sty (C:\Users\wblxr\AppData\Local\Programs\MiKTeX\tex/generic/pgf/systemlayer\pgfsys.code.tex
Package: pgfsys 2023-01-15 v3.1.10 (3.1.10)
 (C:\Users\wblxr\AppData\Local\Programs\MiKTeX\tex/generic/pgf/utilities\pgfkeys.code.tex
\pgfkeys@pathtoks=\toks35
\pgfkeys@temptoks=\toks36
 (C:\Users\wblxr\AppData\Local\Programs\MiKTeX\tex/generic/pgf/utilities\pgfkeyslibraryfiltered.code.tex
\pgfkeys@tmptoks=\toks37
))
\pgf@x=\dimen269
\pgf@y=\dimen270
\pgf@xa=\dimen271
\pgf@ya=\dimen272
\pgf@xb=\dimen273
\pgf@yb=\dimen274
\pgf@xc=\dimen275
\pgf@yc=\dimen276
\pgf@xd=\dimen277
\pgf@yd=\dimen278
\w@pgf@writea=\write3
\r@pgf@reada=\read2
\c@pgf@counta=\count340
\c@pgf@countb=\count341
\c@pgf@countc=\count342
\c@pgf@countd=\count343
\t@pgf@toka=\toks38
\t@pgf@tokb=\toks39
\t@pgf@tokc=\toks40
\pgf@sys@id@count=\count344
 (C:\Users\wblxr\AppData\Local\Programs\MiKTeX\tex/generic/pgf/systemlayer\pgf.cfg
File: pgf.cfg 2023-01-15 v3.1.10 (3.1.10)
)
Driver file for pgf: pgfsys-pdftex.def
 (C:\Users\wblxr\AppData\Local\Programs\MiKTeX\tex/generic/pgf/systemlayer\pgfsys-pdftex.def
File: pgfsys-pdftex.def 2023-01-15 v3.1.10 (3.1.10)
 (C:\Users\wblxr\AppData\Local\Programs\MiKTeX\tex/generic/pgf/systemlayer\pgfsys-common-pdf.def
File: pgfsys-common-pdf.def 2023-01-15 v3.1.10 (3.1.10)
))) (C:\Users\wblxr\AppData\Local\Programs\MiKTeX\tex/generic/pgf/systemlayer\pgfsyssoftpath.code.tex
File: pgfsyssoftpath.code.tex 2023-01-15 v3.1.10 (3.1.10)
\pgfsyssoftpath@smallbuffer@items=\count345
\pgfsyssoftpath@bigbuffer@items=\count346
) (C:\Users\wblxr\AppData\Local\Programs\MiKTeX\tex/generic/pgf/systemlayer\pgfsysprotocol.code.tex
File: pgfsysprotocol.code.tex 2023-01-15 v3.1.10 (3.1.10)
)) (C:\Users\wblxr\AppData\Local\Programs\MiKTeX\tex/generic/pgf/basiclayer\pgfcore.code.tex
Package: pgfcore 2023-01-15 v3.1.10 (3.1.10)
 (C:\Users\wblxr\AppData\Local\Programs\MiKTeX\tex/generic/pgf/math\pgfmath.code.tex (C:\Users\wblxr\AppData\Local\Programs\MiKTeX\tex/generic/pgf/math\pgfmathutil.code.tex) (C:\Users\wblxr\AppData\Local\Programs\MiKTeX\tex/generic/pgf/math\pgfmathparser.code.tex
\pgfmath@dimen=\dimen279
\pgfmath@count=\count347
\pgfmath@box=\box69
\pgfmath@toks=\toks41
\pgfmath@stack@operand=\toks42
\pgfmath@stack@operation=\toks43
) (C:\Users\wblxr\AppData\Local\Programs\MiKTeX\tex/generic/pgf/math\pgfmathfunctions.code.tex) (C:\Users\wblxr\AppData\Local\Programs\MiKTeX\tex/generic/pgf/math\pgfmathfunctions.basic.code.tex) (C:\Users\wblxr\AppData\Local\Programs\MiKTeX\tex/generic/pgf/math\pgfmathfunctions.trigonometric.code.tex) (C:\Users\wblxr\AppData\Local\Programs\MiKTeX\tex/generic/pgf/math\pgfmathfunctions.random.code.tex) (C:\Users\wblxr\AppData\Local\Programs\MiKTeX\tex/generic/pgf/math\pgfmathfunctions.comparison.code.tex) (C:\Users\wblxr\AppData\Local\Programs\MiKTeX\tex/generic/pgf/math\pgfmathfunctions.base.code.tex) (C:\Users\wblxr\AppData\Local\Programs\MiKTeX\tex/generic/pgf/math\pgfmathfunctions.round.code.tex) (C:\Users\wblxr\AppData\Local\Programs\MiKTeX\tex/generic/pgf/math\pgfmathfunctions.misc.code.tex) (C:\Users\wblxr\AppData\Local\Programs\MiKTeX\tex/generic/pgf/math\pgfmathfunctions.integerarithmetics.code.tex) (C:\Users\wblxr\AppData\Local\Programs\MiKTeX\tex/generic/pgf/math\pgfmathcalc.code.tex) (C:\Users\wblxr\AppData\Local\Programs\MiKTeX\tex/generic/pgf/math\pgfmathfloat.code.tex
\c@pgfmathroundto@lastzeros=\count348
)) (C:\Users\wblxr\AppData\Local\Programs\MiKTeX\tex/generic/pgf/math\pgfint.code.tex) (C:\Users\wblxr\AppData\Local\Programs\MiKTeX\tex/generic/pgf/basiclayer\pgfcorepoints.code.tex
File: pgfcorepoints.code.tex 2023-01-15 v3.1.10 (3.1.10)
\pgf@picminx=\dimen280
\pgf@picmaxx=\dimen281
\pgf@picminy=\dimen282
\pgf@picmaxy=\dimen283
\pgf@pathminx=\dimen284
\pgf@pathmaxx=\dimen285
\pgf@pathminy=\dimen286
\pgf@pathmaxy=\dimen287
\pgf@xx=\dimen288
\pgf@xy=\dimen289
\pgf@yx=\dimen290
\pgf@yy=\dimen291
\pgf@zx=\dimen292
\pgf@zy=\dimen293
) (C:\Users\wblxr\AppData\Local\Programs\MiKTeX\tex/generic/pgf/basiclayer\pgfcorepathconstruct.code.tex
File: pgfcorepathconstruct.code.tex 2023-01-15 v3.1.10 (3.1.10)
\pgf@path@lastx=\dimen294
\pgf@path@lasty=\dimen295
) (C:\Users\wblxr\AppData\Local\Programs\MiKTeX\tex/generic/pgf/basiclayer\pgfcorepathusage.code.tex
File: pgfcorepathusage.code.tex 2023-01-15 v3.1.10 (3.1.10)
\pgf@shorten@end@additional=\dimen296
\pgf@shorten@start@additional=\dimen297
) (C:\Users\wblxr\AppData\Local\Programs\MiKTeX\tex/generic/pgf/basiclayer\pgfcorescopes.code.tex
File: pgfcorescopes.code.tex 2023-01-15 v3.1.10 (3.1.10)
\pgfpic=\box70
\pgf@hbox=\box71
\pgf@layerbox@main=\box72
\pgf@picture@serial@count=\count349
) (C:\Users\wblxr\AppData\Local\Programs\MiKTeX\tex/generic/pgf/basiclayer\pgfcoregraphicstate.code.tex
File: pgfcoregraphicstate.code.tex 2023-01-15 v3.1.10 (3.1.10)
\pgflinewidth=\dimen298
) (C:\Users\wblxr\AppData\Local\Programs\MiKTeX\tex/generic/pgf/basiclayer\pgfcoretransformations.code.tex
File: pgfcoretransformations.code.tex 2023-01-15 v3.1.10 (3.1.10)
\pgf@pt@x=\dimen299
\pgf@pt@y=\dimen300
\pgf@pt@temp=\dimen301
) (C:\Users\wblxr\AppData\Local\Programs\MiKTeX\tex/generic/pgf/basiclayer\pgfcorequick.code.tex
File: pgfcorequick.code.tex 2023-01-15 v3.1.10 (3.1.10)
) (C:\Users\wblxr\AppData\Local\Programs\MiKTeX\tex/generic/pgf/basiclayer\pgfcoreobjects.code.tex
File: pgfcoreobjects.code.tex 2023-01-15 v3.1.10 (3.1.10)
) (C:\Users\wblxr\AppData\Local\Programs\MiKTeX\tex/generic/pgf/basiclayer\pgfcorepathprocessing.code.tex
File: pgfcorepathprocessing.code.tex 2023-01-15 v3.1.10 (3.1.10)
) (C:\Users\wblxr\AppData\Local\Programs\MiKTeX\tex/generic/pgf/basiclayer\pgfcorearrows.code.tex
File: pgfcorearrows.code.tex 2023-01-15 v3.1.10 (3.1.10)
\pgfarrowsep=\dimen302
) (C:\Users\wblxr\AppData\Local\Programs\MiKTeX\tex/generic/pgf/basiclayer\pgfcoreshade.code.tex
File: pgfcoreshade.code.tex 2023-01-15 v3.1.10 (3.1.10)
\pgf@max=\dimen303
\pgf@sys@shading@range@num=\count350
\pgf@shadingcount=\count351
) (C:\Users\wblxr\AppData\Local\Programs\MiKTeX\tex/generic/pgf/basiclayer\pgfcoreimage.code.tex
File: pgfcoreimage.code.tex 2023-01-15 v3.1.10 (3.1.10)
) (C:\Users\wblxr\AppData\Local\Programs\MiKTeX\tex/generic/pgf/basiclayer\pgfcoreexternal.code.tex
File: pgfcoreexternal.code.tex 2023-01-15 v3.1.10 (3.1.10)
\pgfexternal@startupbox=\box73
) (C:\Users\wblxr\AppData\Local\Programs\MiKTeX\tex/generic/pgf/basiclayer\pgfcorelayers.code.tex
File: pgfcorelayers.code.tex 2023-01-15 v3.1.10 (3.1.10)
) (C:\Users\wblxr\AppData\Local\Programs\MiKTeX\tex/generic/pgf/basiclayer\pgfcoretransparency.code.tex
File: pgfcoretransparency.code.tex 2023-01-15 v3.1.10 (3.1.10)
) (C:\Users\wblxr\AppData\Local\Programs\MiKTeX\tex/generic/pgf/basiclayer\pgfcorepatterns.code.tex
File: pgfcorepatterns.code.tex 2023-01-15 v3.1.10 (3.1.10)
) (C:\Users\wblxr\AppData\Local\Programs\MiKTeX\tex/generic/pgf/basiclayer\pgfcorerdf.code.tex
File: pgfcorerdf.code.tex 2023-01-15 v3.1.10 (3.1.10)
))) (C:\Users\wblxr\AppData\Local\Programs\MiKTeX\tex/generic/pgf/modules\pgfmoduleshapes.code.tex
File: pgfmoduleshapes.code.tex 2023-01-15 v3.1.10 (3.1.10)
\pgfnodeparttextbox=\box74
) (C:\Users\wblxr\AppData\Local\Programs\MiKTeX\tex/generic/pgf/modules\pgfmoduleplot.code.tex
File: pgfmoduleplot.code.tex 2023-01-15 v3.1.10 (3.1.10)
) (C:\Users\wblxr\AppData\Local\Programs\MiKTeX\tex/latex/pgf/compatibility\pgfcomp-version-0-65.sty
Package: pgfcomp-version-0-65 2023-01-15 v3.1.10 (3.1.10)
\pgf@nodesepstart=\dimen304
\pgf@nodesepend=\dimen305
) (C:\Users\wblxr\AppData\Local\Programs\MiKTeX\tex/latex/pgf/compatibility\pgfcomp-version-1-18.sty
Package: pgfcomp-version-1-18 2023-01-15 v3.1.10 (3.1.10)
)) (C:\Users\wblxr\AppData\Local\Programs\MiKTeX\tex/latex/pgf/utilities\pgffor.sty (C:\Users\wblxr\AppData\Local\Programs\MiKTeX\tex/latex/pgf/utilities\pgfkeys.sty (C:\Users\wblxr\AppData\Local\Programs\MiKTeX\tex/generic/pgf/utilities\pgfkeys.code.tex)) (C:\Users\wblxr\AppData\Local\Programs\MiKTeX\tex/latex/pgf/math\pgfmath.sty (C:\Users\wblxr\AppData\Local\Programs\MiKTeX\tex/generic/pgf/math\pgfmath.code.tex)) (C:\Users\wblxr\AppData\Local\Programs\MiKTeX\tex/generic/pgf/utilities\pgffor.code.tex
Package: pgffor 2023-01-15 v3.1.10 (3.1.10)
\pgffor@iter=\dimen306
\pgffor@skip=\dimen307
\pgffor@stack=\toks44
\pgffor@toks=\toks45
)) (C:\Users\wblxr\AppData\Local\Programs\MiKTeX\tex/generic/pgf/frontendlayer/tikz\tikz.code.tex
Package: tikz 2023-01-15 v3.1.10 (3.1.10)
 (C:\Users\wblxr\AppData\Local\Programs\MiKTeX\tex/generic/pgf/libraries\pgflibraryplothandlers.code.tex
File: pgflibraryplothandlers.code.tex 2023-01-15 v3.1.10 (3.1.10)
\pgf@plot@mark@count=\count352
\pgfplotmarksize=\dimen308
)
\tikz@lastx=\dimen309
\tikz@lasty=\dimen310
\tikz@lastxsaved=\dimen311
\tikz@lastysaved=\dimen312
\tikz@lastmovetox=\dimen313
\tikz@lastmovetoy=\dimen314
\tikzleveldistance=\dimen315
\tikzsiblingdistance=\dimen316
\tikz@figbox=\box75
\tikz@figbox@bg=\box76
\tikz@tempbox=\box77
\tikz@tempbox@bg=\box78
\tikztreelevel=\count353
\tikznumberofchildren=\count354
\tikznumberofcurrentchild=\count355
\tikz@fig@count=\count356
 (C:\Users\wblxr\AppData\Local\Programs\MiKTeX\tex/generic/pgf/modules\pgfmodulematrix.code.tex
File: pgfmodulematrix.code.tex 2023-01-15 v3.1.10 (3.1.10)
\pgfmatrixcurrentrow=\count357
\pgfmatrixcurrentcolumn=\count358
\pgf@matrix@numberofcolumns=\count359
)
\tikz@expandcount=\count360
 (C:\Users\wblxr\AppData\Local\Programs\MiKTeX\tex/generic/pgf/frontendlayer/tikz/libraries\tikzlibrarytopaths.code.tex
File: tikzlibrarytopaths.code.tex 2023-01-15 v3.1.10 (3.1.10)
))) (C:\Users\wblxr\AppData\Local\Programs\MiKTeX\tex/generic/pgf/frontendlayer/tikz/libraries\tikzlibraryfit.code.tex
File: tikzlibraryfit.code.tex 2023-01-15 v3.1.10 (3.1.10)
) (C:\Users\wblxr\AppData\Local\Programs\MiKTeX\tex/generic/pgf/frontendlayer/tikz/libraries\tikzlibrarypositioning.code.tex
File: tikzlibrarypositioning.code.tex 2023-01-15 v3.1.10 (3.1.10)
) (C:\Users\wblxr\AppData\Local\Programs\MiKTeX\tex/latex/tcolorbox\tcolorbox.sty
Package: tcolorbox 2024/01/10 version 6.2.0 text color boxes
 (C:\Users\wblxr\AppData\Local\Programs\MiKTeX\tex/latex/tools\verbatim.sty
Package: verbatim 2023-11-06 v1.5v LaTeX2e package for verbatim enhancements
\every@verbatim=\toks46
\verbatim@line=\toks47
\verbatim@in@stream=\read3
) (C:\Users\wblxr\AppData\Local\Programs\MiKTeX\tex/latex/environ\environ.sty
Package: environ 2014/05/04 v0.3 A new way to define environments
 (C:\Users\wblxr\AppData\Local\Programs\MiKTeX\tex/latex/trimspaces\trimspaces.sty
Package: trimspaces 2009/09/17 v1.1 Trim spaces around a token list
))
\tcb@titlebox=\box79
\tcb@upperbox=\box80
\tcb@lowerbox=\box81
\tcb@phantombox=\box82
\c@tcbbreakpart=\count361
\c@tcblayer=\count362
\c@tcolorbox@number=\count363
\l__tcobox_tmpa_box=\box83
\l__tcobox_tmpa_dim=\dimen317
\tcb@temp=\box84
\tcb@temp=\box85
\tcb@temp=\box86
\tcb@temp=\box87
 (C:\Users\wblxr\AppData\Local\Programs\MiKTeX\tex/latex/tcolorbox\tcbraster.code.tex
Library (tcolorbox): 'tcbraster.code.tex' version '6.2.0'
\c@tcbrastercolumn=\count364
\c@tcbrasterrow=\count365
\c@tcbrasternum=\count366
\c@tcbraster=\count367
) (C:\Users\wblxr\AppData\Local\Programs\MiKTeX\tex/latex/tcolorbox\tcbskins.code.tex
Library (tcolorbox): 'tcbskins.code.tex' version '6.2.0'
(C:\Users\wblxr\AppData\Local\Programs\MiKTeX\tex/latex/tikzfill\tikzfill.image.sty
Package: tikzfill.image 2026/03/26 v1.1.0 Image filling library for TikZ
 (C:\Users\wblxr\AppData\Local\Programs\MiKTeX\tex/latex/tikzfill\tikzlibraryfill.image.code.tex
File: tikzlibraryfill.image.code.tex 2026/03/26 v1.1.0 Image filling library
\l__tikzfill_tmpa_dim=\dimen318
\l__tikzfill_tmpb_dim=\dimen319
\l__tikzfill_img_box=\box88
)) (C:\Users\wblxr\AppData\Local\Programs\MiKTeX\tex/latex/tcolorbox\tcbskinsjigsaw.code.tex
Library (tcolorbox): 'tcbskinsjigsaw.code.tex' version '6.2.0'
)) (C:\Users\wblxr\AppData\Local\Programs\MiKTeX\tex/latex/tcolorbox\tcbbreakable.code.tex
Library (tcolorbox): 'tcbbreakable.code.tex' version '6.2.0'
(C:\Users\wblxr\AppData\Local\Programs\MiKTeX\tex/latex/pdfcol\pdfcol.sty
Package: pdfcol 2022-09-21 v1.7 Handle new color stacks for pdfTeX (HO)
)
Package pdfcol Info: New color stack `tcb@breakable' = 1 on input line 23.
\tcb@testbox=\box89
\tcb@totalupperbox=\box90
\tcb@totallowerbox=\box91
) (C:\Users\wblxr\AppData\Local\Programs\MiKTeX\tex/latex/tcolorbox\tcbhooks.code.tex
Library (tcolorbox): 'tcbhooks.code.tex' version '6.2.0'
) (C:\Users\wblxr\AppData\Local\Programs\MiKTeX\tex/latex/tcolorbox\tcbtheorems.code.tex
Library (tcolorbox): 'tcbtheorems.code.tex' version '6.2.0'
) (C:\Users\wblxr\AppData\Local\Programs\MiKTeX\tex/latex/tcolorbox\tcbfitting.code.tex
Library (tcolorbox): 'tcbfitting.code.tex' version '6.2.0'
\tcbfitdim=\dimen320
\tcb@lowerfitdim=\dimen321
\tcb@upperfitdim=\dimen322
\tcb@cur@hbadness=\count368
) (C:\Users\wblxr\AppData\Local\Programs\MiKTeX\tex/latex/tcolorbox\tcblistingsutf8.code.tex
Library (tcolorbox): 'tcblistingsutf8.code.tex' version '6.2.0'
(C:\Users\wblxr\AppData\Local\Programs\MiKTeX\tex/latex/tcolorbox\tcblistings.code.tex
Library (tcolorbox): 'tcblistings.code.tex' version '6.2.0'
(C:\Users\wblxr\AppData\Local\Programs\MiKTeX\tex/latex/listings\listings.sty
\lst@mode=\count369
\lst@gtempboxa=\box92
\lst@token=\toks48
\lst@length=\count370
\lst@currlwidth=\dimen323
\lst@column=\count371
\lst@pos=\count372
\lst@lostspace=\dimen324
\lst@width=\dimen325
\lst@newlines=\count373
\lst@lineno=\count374
\lst@maxwidth=\dimen326
 (C:\Users\wblxr\AppData\Local\Programs\MiKTeX\tex/latex/listings\lstmisc.sty
File: lstmisc.sty 2023/02/27 1.9 (Carsten Heinz)
\c@lstnumber=\count375
\lst@skipnumbers=\count376
\lst@framebox=\box93
) (C:\Users\wblxr\AppData\Local\Programs\MiKTeX\tex/latex/listings\listings.cfg
File: listings.cfg 2023/02/27 1.9 listings configuration
))
Package: listings 2023/02/27 1.9 (Carsten Heinz)

==> First Aid for listings.sty no longer applied!
    Expected:
        2024/09/23 1.10c (Carsten Heinz)
    but found:
        2023/02/27 1.9 (Carsten Heinz)
    so I'm assuming it got fixed.
(C:\Users\wblxr\AppData\Local\Programs\MiKTeX\tex/latex/tcolorbox\tcblistingscore.code.tex
Library (tcolorbox): 'tcblistingscore.code.tex' version '6.2.0'
(C:\Users\wblxr\AppData\Local\Programs\MiKTeX\tex/latex/tcolorbox\tcbprocessing.code.tex
Library (tcolorbox): 'tcbprocessing.code.tex' version '6.2.0'
)
\c@tcblisting=\count377
)) (C:\Users\wblxr\AppData\Local\Programs\MiKTeX\tex/latex/listingsutf8\listingsutf8.sty
Package: listingsutf8 2019-12-10 v1.5 Allow UTF-8 in listings input (HO)
 (C:\Users\wblxr\AppData\Local\Programs\MiKTeX\tex/generic/stringenc\stringenc.sty
Package: stringenc 2019/11/29 v1.12 Convert strings between diff. encodings (HO)
))) (C:\Users\wblxr\AppData\Local\Programs\MiKTeX\tex/latex/tcolorbox\tcbexternal.code.tex
Library (tcolorbox): 'tcbexternal.code.tex' version '6.2.0'
) (C:\Users\wblxr\AppData\Local\Programs\MiKTeX\tex/latex/tcolorbox\tcbmagazine.code.tex
Library (tcolorbox): 'tcbmagazine.code.tex' version '6.2.0'
) (C:\Users\wblxr\AppData\Local\Programs\MiKTeX\tex/latex/tcolorbox\tcbvignette.code.tex
Library (tcolorbox): 'tcbvignette.code.tex' version '6.2.0'
(C:\Users\wblxr\AppData\Local\Programs\MiKTeX\tex/generic/pgf/frontendlayer/tikz/libraries\tikzlibraryfadings.code.tex
File: tikzlibraryfadings.code.tex 2023-01-15 v3.1.10 (3.1.10)
 (C:\Users\wblxr\AppData\Local\Programs\MiKTeX\tex/generic/pgf/libraries\pgflibraryfadings.code.tex
File: pgflibraryfadings.code.tex 2023-01-15 v3.1.10 (3.1.10)
))) (C:\Users\wblxr\AppData\Local\Programs\MiKTeX\tex/latex/tcolorbox\tcbposter.code.tex
Library (tcolorbox): 'tcbposter.code.tex' version '6.2.0'
))
Package hyperref Info: Option `colorlinks' set `true' on input line 35.
 (C:\Users\wblxr\AppData\Local\Programs\MiKTeX\tex/latex/cjk/UTF8\UTF8.enc
File: UTF8.enc 2021/10/16 4.8.5
) (C:\Users\wblxr\AppData\Local\Programs\MiKTeX\tex/latex/cjk/UTF8\UTF8.chr
File: UTF8.chr 2021/10/16 4.8.5
) (main.aux)
\openout1 = `main.aux'.

LaTeX Font Info:    Checking defaults for OML/cmm/m/it on input line 147.
LaTeX Font Info:    ... okay on input line 147.
LaTeX Font Info:    Checking defaults for OMS/cmsy/m/n on input line 147.
LaTeX Font Info:    ... okay on input line 147.
LaTeX Font Info:    Checking defaults for OT1/cmr/m/n on input line 147.
LaTeX Font Info:    ... okay on input line 147.
LaTeX Font Info:    Checking defaults for T1/cmr/m/n on input line 147.
LaTeX Font Info:    ... okay on input line 147.
LaTeX Font Info:    Checking defaults for TS1/cmr/m/n on input line 147.
LaTeX Font Info:    ... okay on input line 147.
LaTeX Font Info:    Checking defaults for OMX/cmex/m/n on input line 147.
LaTeX Font Info:    ... okay on input line 147.
LaTeX Font Info:    Checking defaults for U/cmr/m/n on input line 147.
LaTeX Font Info:    ... okay on input line 147.
LaTeX Font Info:    Checking defaults for C00/song/m/n on input line 147.
LaTeX Font Info:    ... okay on input line 147.
LaTeX Font Info:    Checking defaults for C05/song/m/n on input line 147.
LaTeX Font Info:    ... okay on input line 147.
LaTeX Font Info:    Checking defaults for C09/song/m/n on input line 147.
LaTeX Font Info:    ... okay on input line 147.
LaTeX Font Info:    Checking defaults for C10/song/m/n on input line 147.
LaTeX Font Info:    ... okay on input line 147.
LaTeX Font Info:    Checking defaults for C20/song/m/n on input line 147.
LaTeX Font Info:    ... okay on input line 147.
LaTeX Font Info:    Checking defaults for C19/song/m/n on input line 147.
LaTeX Font Info:    ... okay on input line 147.
LaTeX Font Info:    Checking defaults for C40/song/m/n on input line 147.
LaTeX Font Info:    ... okay on input line 147.
LaTeX Font Info:    Checking defaults for C42/song/m/n on input line 147.
LaTeX Font Info:    ... okay on input line 147.
LaTeX Font Info:    Checking defaults for C43/song/m/n on input line 147.
LaTeX Font Info:    ... okay on input line 147.
LaTeX Font Info:    Checking defaults for C50/song/m/n on input line 147.
LaTeX Font Info:    ... okay on input line 147.
LaTeX Font Info:    Checking defaults for C52/song/m/n on input line 147.
LaTeX Font Info:    ... okay on input line 147.
LaTeX Font Info:    Checking defaults for C49/song/m/n on input line 147.
LaTeX Font Info:    ... okay on input line 147.
LaTeX Font Info:    Checking defaults for C60/mj/m/n on input line 147.
LaTeX Font Info:    ... okay on input line 147.
LaTeX Font Info:    Checking defaults for C61/mj/m/n on input line 147.
LaTeX Font Info:    ... okay on input line 147.
LaTeX Font Info:    Checking defaults for C63/mj/m/n on input line 147.
LaTeX Font Info:    ... okay on input line 147.
LaTeX Font Info:    Checking defaults for C64/mj/m/n on input line 147.
LaTeX Font Info:    ... okay on input line 147.
LaTeX Font Info:    Checking defaults for C65/mj/m/n on input line 147.
LaTeX Font Info:    ... okay on input line 147.
LaTeX Font Info:    Checking defaults for C70/song/m/n on input line 147.
LaTeX Font Info:    ... okay on input line 147.
LaTeX Font Info:    Checking defaults for C31/song/m/n on input line 147.
LaTeX Font Info:    ... okay on input line 147.
LaTeX Font Info:    Checking defaults for C32/song/m/n on input line 147.
LaTeX Font Info:    ... okay on input line 147.
LaTeX Font Info:    Checking defaults for C33/song/m/n on input line 147.
LaTeX Font Info:    ... okay on input line 147.
LaTeX Font Info:    Checking defaults for C34/song/m/n on input line 147.
LaTeX Font Info:    ... okay on input line 147.
LaTeX Font Info:    Checking defaults for C35/song/m/n on input line 147.
LaTeX Font Info:    ... okay on input line 147.
LaTeX Font Info:    Checking defaults for C36/song/m/n on input line 147.
LaTeX Font Info:    ... okay on input line 147.
LaTeX Font Info:    Checking defaults for C37/song/m/n on input line 147.
LaTeX Font Info:    ... okay on input line 147.
LaTeX Font Info:    Checking defaults for C80/song/m/n on input line 147.
LaTeX Font Info:    ... okay on input line 147.
LaTeX Font Info:    Checking defaults for C81/song/m/n on input line 147.
LaTeX Font Info:    ... okay on input line 147.
LaTeX Font Info:    Checking defaults for C01/song/m/n on input line 147.
LaTeX Font Info:    ... okay on input line 147.
LaTeX Font Info:    Checking defaults for C11/song/m/n on input line 147.
LaTeX Font Info:    ... okay on input line 147.
LaTeX Font Info:    Checking defaults for C21/song/m/n on input line 147.
LaTeX Font Info:    ... okay on input line 147.
LaTeX Font Info:    Checking defaults for C41/song/m/n on input line 147.
LaTeX Font Info:    ... okay on input line 147.
LaTeX Font Info:    Checking defaults for C62/song/m/n on input line 147.
LaTeX Font Info:    ... okay on input line 147.
LaTeX Font Info:    Checking defaults for PD1/pdf/m/n on input line 147.
LaTeX Font Info:    ... okay on input line 147.
LaTeX Font Info:    Checking defaults for PU/pdf/m/n on input line 147.
LaTeX Font Info:    ... okay on input line 147.

*geometry* driver: auto-detecting
*geometry* detected driver: pdftex
*geometry* verbose mode - [ preamble ] result:
* driver: pdftex
* paper: a4paper
* layout: <same size as paper>
* layoutoffset:(h,v)=(0.0pt,0.0pt)
* modes: 
* h-part:(L,W,R)=(68.28644pt, 460.935pt, 68.28644pt)
* v-part:(T,H,B)=(68.28644pt, 708.47397pt, 68.28644pt)
* \paperwidth=597.50787pt
* \paperheight=845.04684pt
* \textwidth=460.935pt
* \textheight=708.47397pt
* \oddsidemargin=-3.98355pt
* \evensidemargin=-3.98355pt
* \topmargin=-40.98355pt
* \headheight=15.0pt
* \headsep=25.0pt
* \topskip=12.0pt
* \footskip=30.0pt
* \marginparwidth=35.0pt
* \marginparsep=10.0pt
* \columnsep=10.0pt
* \skip\footins=10.8pt plus 4.0pt minus 2.0pt
* \hoffset=0.0pt
* \voffset=0.0pt
* \mag=1000
* \@twocolumnfalse
* \@twosidefalse
* \@mparswitchfalse
* \@reversemarginfalse
* (1in=72.27pt=25.4mm, 1cm=28.453pt)

(C:\Users\wblxr\AppData\Local\Programs\MiKTeX\tex/context/base/mkii\supp-pdf.mkii
[Loading MPS to PDF converter (version 2006.09.02).]
\scratchcounter=\count378
\scratchdimen=\dimen327
\scratchbox=\box94
\nofMPsegments=\count379
\nofMParguments=\count380
\everyMPshowfont=\toks49
\MPscratchCnt=\count381
\MPscratchDim=\dimen328
\MPnumerator=\count382
\makeMPintoPDFobject=\count383
\everyMPtoPDFconversion=\toks50
) (C:\Users\wblxr\AppData\Local\Programs\MiKTeX\tex/latex/epstopdf-pkg\epstopdf-base.sty
Package: epstopdf-base 2020-01-24 v2.11 Base part for package epstopdf
Package epstopdf-base Info: Redefining graphics rule for `.eps' on input line 485.
 (C:\Users\wblxr\AppData\Local\Programs\MiKTeX\tex/latex/00miktex\epstopdf-sys.cfg
File: epstopdf-sys.cfg 2021/03/18 v2.0 Configuration of epstopdf for MiKTeX
))
Package hyperref Info: Link coloring ON on input line 147.
\@outlinefile=\write4
\openout4 = `main.out'.

Package caption Info: Begin \AtBeginDocument code.
Package caption Info: float package is loaded.
Package caption Info: listings package is loaded.
Package caption Info: End \AtBeginDocument code.
\c@lstlisting=\count384
LaTeX Font Info:    Trying to load font information for C70+rm on input line 154.
 (C:\Users\wblxr\AppData\Local\Programs\MiKTeX\tex/latex/ctex/fd\c70rm.fd
File: c70rm.fd 2022/07/14 v2.5.10 Chinese font definition (CTEX)
)
LaTeX Font Info:    Trying to load font information for U+msa on input line 166.
 (C:\Users\wblxr\AppData\Local\Programs\MiKTeX\tex/latex/amsfonts\umsa.fd
File: umsa.fd 2013/01/14 v3.01 AMS symbols A
)
LaTeX Font Info:    Trying to load font information for U+msb on input line 166.
 (C:\Users\wblxr\AppData\Local\Programs\MiKTeX\tex/latex/amsfonts\umsb.fd
File: umsb.fd 2013/01/14 v3.01 AMS symbols B
)
Package CJKpunct Info: use punctuation spaces for family 'rm' with punctstyle (quanjiao) on input line 167.


d:/HomeMind/main.tex:182: LaTeX Error: Command \figureplaceholder already defined.
               Or name \end... illegal, see p.192 of the manual.

See the LaTeX manual or LaTeX Companion for explanation.
Type  H <return>  for immediate help.
 ...                                              
                                                  
l.182 }
       
Your command was ignored.
Type  I <command> <return>  to replace it with another command,
or  <return>  to continue without it.



(C:\Users\wblxr\AppData\Local\Programs\MiKTeX\tex/generic/ctex/zhmap\ctex-zhmap-windows.tex
File: ctex-zhmap-windows.tex 2022/07/14 v2.5.10 Windows font map loader for pdfTeX and DVIPDFMx (CTEX)
{C:/Users/wblxr/AppData/Local/MiKTeX/fonts/map/pdftex/pdftex.map}{UGBK.sfd}{Unicode.sfd}) [1

]

[1

]

[2]
No file main.toc.
\tf@toc=\write5
\openout5 = `main.toc'.



[3

]
ç¬¬ä¸€ç« 

LaTeX Warning: Reference `tab:chapter1-goals' on page 1 undefined on input line 224.




pdfTeX warning (ext4): destination with the same identifier (name{page.1}) has been already used, duplicate ignored
<to be read again> 
                   \relax 
l.225 
       [1


]
Underfull \hbox (badness 10000) in paragraph at lines 240--240
[]|\C70/rm/m/n/12/90 ^^Z \C70/rm/m/n/12/8f Ç \C70/rm/m/n/12/8b í \C70/rm/m/n/12/8a ^^@ \C70/rm/m/n/12/5f R \C70/rm/m/n/12/4e ^^@ \C70/rm/m/n/12/53 ^^V \C70/rm/m/n/12/5c B ^^F |\C70/rm/m/n/12/20 ^^\|\C70/rm/m/n/12/95 ÷ \C70/rm/m/n/12/5f —
 []



[2]
d:/HomeMind/main.tex:251: Missing endcsname inserted.
<to be read again> 
                   å
l.251 ...{HomeMindå…³é”®åˆ›æ–°ä¸æŠ€æœ¯ç‰¹å¾.png}
                                                  
The control sequence marked <to be read again> should
not appear between \csname and \endcsname.

d:/HomeMind/main.tex:251: Use of ??? doesn't match its definition.
<argument> ???  
                ! LaTeX Error: å invalid in file name. Lost: fi …³é”®åˆ›æ–°ä...
l.251 ...{HomeMindå…³é”®åˆ›æ–°ä¸æŠ€æœ¯ç‰¹å¾.png}
                                                  
If you say, e.g., `\def\a1{...}', then you must always
put `1' after `\a', since control sequence names are
made up of letters only. The macro here has not been
followed by the required stuff, so I'm ignoring it.

d:/HomeMind/main.tex:251: Missing endcsname inserted.
<to be read again> 
                   å
l.251 ...{HomeMindå…³é”®åˆ›æ–°ä¸æŠ€æœ¯ç‰¹å¾.png}
                                                  
The control sequence marked <to be read again> should
not appear between \csname and \endcsname.

d:/HomeMind/main.tex:251: Use of ??? doesn't match its definition.
<argument> ???  
                ! LaTeX Error: å invalid in file name. Lost: fi …³é”®åˆ›æ–°ä...
l.251 ...{HomeMindå…³é”®åˆ›æ–°ä¸æŠ€æœ¯ç‰¹å¾.png}
                                                  
If you say, e.g., `\def\a1{...}', then you must always
put `1' after `\a', since control sequence names are
made up of letters only. The macro here has not been
followed by the required stuff, so I'm ignoring it.

d:/HomeMind/main.tex:251: Missing endcsname inserted.
<to be read again> 
                   å
l.251 ...{HomeMindå…³é”®åˆ›æ–°ä¸æŠ€æœ¯ç‰¹å¾.png}
                                                  
The control sequence marked <to be read again> should
not appear between \csname and \endcsname.

d:/HomeMind/main.tex:251: Use of ??? doesn't match its definition.
<argument> ???  
                ! LaTeX Error: å invalid in file name. Lost: fi …³é”®åˆ›æ–°ä...
l.251 ...{HomeMindå…³é”®åˆ›æ–°ä¸æŠ€æœ¯ç‰¹å¾.png}
                                                  
If you say, e.g., `\def\a1{...}', then you must always
put `1' after `\a', since control sequence names are
made up of letters only. The macro here has not been
followed by the required stuff, so I'm ignoring it.


d:/HomeMind/main.tex:251: LaTeX Error: File `HomeMindå…³é”®åˆ›æ–°ä¸æŠ€æœ¯ç‰¹å¾.png' not found.

See the LaTeX manual or LaTeX Companion for explanation.
Type  H <return>  for immediate help.
 ...                                              
                                                  
l.251 ...{HomeMindå…³é”®åˆ›æ–°ä¸æŠ€æœ¯ç‰¹å¾.png}
                                                  
I could not locate the file with any of these extensions:
.pdf,.png,.jpg,.mps,.jpeg,.jbig2,.jb2,.PDF,.PNG,.JPG,.JPEG,.JBIG2,.JB2,.eps
Try typing  <return>  to proceed.
If that doesn't work, type  X <return>  to quit.



[3]
d:/HomeMind/main.tex:271: Missing endcsname inserted.
<to be read again> 
                   ç
l.271 ...æ™ºèƒ½å®¶å±…æ™ºèƒ½ä½“ç³»ç»Ÿæ€»è§ˆå›¾.png}
                                                  
The control sequence marked <to be read again> should
not appear between \csname and \endcsname.

d:/HomeMind/main.tex:271: Use of ??? doesn't match its definition.
<argument> ???  
                ! LaTeX Error: ç invalid in file name. Lost: fi «¯ä¾§æ™ºèƒ½å...
l.271 ...æ™ºèƒ½å®¶å±…æ™ºèƒ½ä½“ç³»ç»Ÿæ€»è§ˆå›¾.png}
                                                  
If you say, e.g., `\def\a1{...}', then you must always
put `1' after `\a', since control sequence names are
made up of letters only. The macro here has not been
followed by the required stuff, so I'm ignoring it.

d:/HomeMind/main.tex:271: Missing endcsname inserted.
<to be read again> 
                   ç
l.271 ...æ™ºèƒ½å®¶å±…æ™ºèƒ½ä½“ç³»ç»Ÿæ€»è§ˆå›¾.png}
                                                  
The control sequence marked <to be read again> should
not appear between \csname and \endcsname.

d:/HomeMind/main.tex:271: Use of ??? doesn't match its definition.
<argument> ???  
                ! LaTeX Error: ç invalid in file name. Lost: fi «¯ä¾§æ™ºèƒ½å...
l.271 ...æ™ºèƒ½å®¶å±…æ™ºèƒ½ä½“ç³»ç»Ÿæ€»è§ˆå›¾.png}
                                                  
If you say, e.g., `\def\a1{...}', then you must always
put `1' after `\a', since control sequence names are
made up of letters only. The macro here has not been
followed by the required stuff, so I'm ignoring it.

d:/HomeMind/main.tex:271: Missing endcsname inserted.
<to be read again> 
                   ç
l.271 ...æ™ºèƒ½å®¶å±…æ™ºèƒ½ä½“ç³»ç»Ÿæ€»è§ˆå›¾.png}
                                                  
The control sequence marked <to be read again> should
not appear between \csname and \endcsname.

d:/HomeMind/main.tex:271: Use of ??? doesn't match its definition.
<argument> ???  
                ! LaTeX Error: ç invalid in file name. Lost: fi «¯ä¾§æ™ºèƒ½å...
l.271 ...æ™ºèƒ½å®¶å±…æ™ºèƒ½ä½“ç³»ç»Ÿæ€»è§ˆå›¾.png}
                                                  
If you say, e.g., `\def\a1{...}', then you must always
put `1' after `\a', since control sequence names are
made up of letters only. The macro here has not been
followed by the required stuff, so I'm ignoring it.


d:/HomeMind/main.tex:271: LaTeX Error: File `homemind_images/HomeMindç«¯ä¾§æ™ºèƒ½å®¶å±…æ™ºèƒ½ä½“ç³»ç»Ÿæ€»è§ˆå›¾.png' not found.

See the LaTeX manual or LaTeX Companion for explanation.
Type  H <return>  for immediate help.
 ...                                              
                                                  
l.271 ...æ™ºèƒ½å®¶å±…æ™ºèƒ½ä½“ç³»ç»Ÿæ€»è§ˆå›¾.png}
                                                  
I could not locate the file with any of these extensions:
.pdf,.png,.jpg,.mps,.jpeg,.jbig2,.jb2,.PDF,.PNG,.JPG,.JPEG,.JBIG2,.JB2,.eps
Try typing  <return>  to proceed.
If that doesn't work, type  X <return>  to quit.



[4]
ç¬¬äºŒç« 

Underfull \hbox (badness 1552) in paragraph at lines 299--299
[]|\C70/rm/bx/n/12/9a Ø \C70/rm/bx/n/12/98 ‘ \C70/rm/bx/n/12/4e û \C70/rm/bx/n/12/52 ¡ \C70/rm/bx/n/12/97 ^^@ \C70/rm/bx/n/12/89  \C70/rm/bx/n/12/67 ,
 []


Underfull \hbox (badness 1552) in paragraph at lines 299--299
[]|\C70/rm/bx/n/12/5b ¶ \C70/rm/bx/n/12/5e ­ \C70/rm/bx/n/12/57 : \C70/rm/bx/n/12/66 o \C70/rm/bx/n/12/4e û \C70/rm/bx/n/12/52 ¡ \C70/rm/bx/n/12/7c {
 []


Underfull \hbox (badness 1552) in paragraph at lines 299--299
[]|\C70/rm/bx/n/12/5b ¶ \C70/rm/bx/n/12/5e ­ \C70/rm/bx/n/12/62 ^^P \C70/rm/bx/n/12/54 X \C70/rm/bx/n/12/88 h \C70/rm/bx/n/12/8f ¾ \C70/rm/bx/n/12/5d î
 []


Underfull \hbox (badness 1552) in paragraph at lines 299--299
[]|\C70/rm/bx/n/12/4e ¤ ’ \C70/rm/bx/n/12/5b  \C70/rm/bx/n/12/65 ö \C70/rm/bx/n/12/60 ' \C70/rm/bx/n/12/89  \C70/rm/bx/n/12/6c B
 []


Underfull \hbox (badness 1552) in paragraph at lines 299--299
[]|\C70/rm/bx/n/12/96  \C70/rm/bx/n/12/79 Á \C70/rm/bx/n/12/4e ^^N \C70/rm/bx/n/12/5b ‰ \C70/rm/bx/n/12/51 h \C70/rm/bx/n/12/89  \C70/rm/bx/n/12/6c B
 []


Underfull \hbox (badness 5563) in paragraph at lines 299--299
[]|\OT1/cmr/m/n/12 Token \C70/rm/m/n/12/53 ‹ \C70/rm/m/n/12/7f )|\C70/rm/m/n/12/30 ^^A| \OT1/cmr/m/n/12 Schema \C70/rm/m/n/12/68 ! \C70/rm/m/n/12/9a Œ|\C70/rm/m/n/12/30 ^^A|
 []



[5

]

[6]
Overfull \hbox (33.10124pt too wide) in paragraph at lines 329--330
[]\OT1/cmr/bx/n/12 4. \C70/rm/bx/n/12/53 ï \C70/rm/bx/n/12/62 i \C70/rm/bx/n/12/5c U \C70/rm/bx/n/12/60 '|\C70/rm/bx/n/12/30 ^^B|  \C70/rm/m/n/12/7c û \C70/rm/m/n/12/7e ß \C70/rm/m/n/12/5f Å \C70/rm/m/n/12/98 { \C70/rm/m/n/12/80 ı \C70/rm/m/n/12/4e Î \C70/rm/m/n/12/5b ¶ \C70/rm/m/n/12/5e ­ \C70/rm/m/n/12/57 : \C70/rm/m/n/12/66 o \C70/rm/m/n/12/8f Û \C70/rm/m/n/12/4e ^^@ \C70/rm/m/n/12/6b e \C70/rm/m/n/12/62 i \C70/rm/m/n/12/5c U \C70/rm/m/n/12/52 0 \C70/rm/m/n/12/66 ô \C70/rm/m/n/12/59 ^^Z \C70/rm/m/n/12/8b ¾ \C70/rm/m/n/12/59 ^^G \C70/rm/m/n/12/54 Œ \C70/rm/m/n/12/53 O \C70/rm/m/n/12/8b ®|\C70/rm/m/n/12/30 ^^B| \OT1/cmr/m/n/12 SmartHomeGateway
 []


Underfull \hbox (badness 1024) in paragraph at lines 355--355
[]|\C70/rm/m/n/12/5c ^^F \C70/rm/m/n/12/74 ^^F \C70/rm/m/n/12/89 ã \C70/rm/m/n/12/7e Ó \C70/rm/m/n/12/67 œ \C70/rm/m/n/12/66   \C70/rm/m/n/12/5c ^^D \C70/rm/m/n/12/4e : \C70/rm/m/n/12/53 ï \C70/rm/m/n/12/62 g \C70/rm/m/n/12/88 L \C70/rm/m/n/12/52 ¨
 []


Underfull \hbox (badness 10000) in paragraph at lines 355--355
[]|\OT1/cmr/m/n/12 DeviceController|\C70/rm/m/n/12/30 ^^A|
 []


Underfull \hbox (badness 1354) in paragraph at lines 355--355
[]|\OT1/cmr/m/n/12 HomeContext|\C70/rm/m/n/12/30 ^^A| \OT1/cmr/m/n/12 SessionStore|\C70/rm/m/n/12/30 ^^A|
 []


Underfull \hbox (badness 10000) in paragraph at lines 355--355
\OT1/cmr/m/n/12 PreferenceStore|\C70/rm/m/n/12/30 ^^A|
 []


Underfull \hbox (badness 1314) in paragraph at lines 355--355
[]|\OT1/cmr/m/n/12 Router|\C70/rm/m/n/12/30 ^^A| \OT1/cmr/m/n/12 Schema|\C70/rm/m/n/12/30 ^^A| \C70/rm/m/n/12/52   \C70/rm/m/n/12/5b Æ X \C70/rm/m/n/12/50 ¨
 []


Underfull \hbox (badness 1024) in paragraph at lines 355--355
[]|\C70/rm/m/n/12/5e 8 \C70/rm/m/n/12/89 Ä \C70/rm/m/n/12/63 § \C70/rm/m/n/12/52 6 \C70/rm/m/n/12/51 H \C70/rm/m/n/12/53 ì \C70/rm/m/n/12/56 Ş \C70/rm/m/n/12/91 Í \C70/rm/m/n/12/63 ’ \C70/rm/m/n/12/54 ^^N \C70/rm/m/n/12/63 	 \C70/rm/m/n/12/7f n
 []


Underfull \hbox (badness 1024) in paragraph at lines 355--355
[]|\C70/rm/m/n/12/90 ^^Z \C70/rm/m/n/12/8f Ç \C70/rm/m/n/12/50 O \C70/rm/m/n/12/59 } \C70/rm/m/n/12/8b ° \C70/rm/m/n/12/5f Æ \C70/rm/m/n/12/54 Œ \C70/rm/m/n/12/6f „ \C70/rm/m/n/12/6e ^^E \C70/rm/m/n/12/67 : \C70/rm/m/n/12/52 6 \C70/rm/m/n/12/96 M
 []


Underfull \hbox (badness 10000) in paragraph at lines 355--355
[]|\OT1/cmr/m/n/12 Router|\C70/rm/m/n/12/30 ^^A| \OT1/cmr/m/n/12 PreferenceStore|\C70/rm/m/n/12/30 ^^A|
 []



[7]
d:/HomeMind/main.tex:362: Missing endcsname inserted.
<to be read again> 
                   å
l.362 ...newidth]{å›¾6HomeMindåŠŸèƒ½æ¶æ„å›¾.png}
                                                  
The control sequence marked <to be read again> should
not appear between \csname and \endcsname.

d:/HomeMind/main.tex:362: Use of ??? doesn't match its definition.
<argument> ???  
                ! LaTeX Error: å invalid in file name. Lost: fi ›¾6HomeMindå...
l.362 ...newidth]{å›¾6HomeMindåŠŸèƒ½æ¶æ„å›¾.png}
                                                  
If you say, e.g., `\def\a1{...}', then you must always
put `1' after `\a', since control sequence names are
made up of letters only. The macro here has not been
followed by the required stuff, so I'm ignoring it.

d:/HomeMind/main.tex:362: Missing endcsname inserted.
<to be read again> 
                   å
l.362 ...newidth]{å›¾6HomeMindåŠŸèƒ½æ¶æ„å›¾.png}
                                                  
The control sequence marked <to be read again> should
not appear between \csname and \endcsname.

d:/HomeMind/main.tex:362: Use of ??? doesn't match its definition.
<argument> ???  
                ! LaTeX Error: å invalid in file name. Lost: fi ›¾6HomeMindå...
l.362 ...newidth]{å›¾6HomeMindåŠŸèƒ½æ¶æ„å›¾.png}
                                                  
If you say, e.g., `\def\a1{...}', then you must always
put `1' after `\a', since control sequence names are
made up of letters only. The macro here has not been
followed by the required stuff, so I'm ignoring it.

d:/HomeMind/main.tex:362: Missing endcsname inserted.
<to be read again> 
                   å
l.362 ...newidth]{å›¾6HomeMindåŠŸèƒ½æ¶æ„å›¾.png}
                                                  
The control sequence marked <to be read again> should
not appear between \csname and \endcsname.

d:/HomeMind/main.tex:362: Use of ??? doesn't match its definition.
<argument> ???  
                ! LaTeX Error: å invalid in file name. Lost: fi fi ›¾6HomeMi...
l.362 ...newidth]{å›¾6HomeMindåŠŸèƒ½æ¶æ„å›¾.png}
                                                  
If you say, e.g., `\def\a1{...}', then you must always
put `1' after `\a', since control sequence names are
made up of letters only. The macro here has not been
followed by the required stuff, so I'm ignoring it.


d:/HomeMind/main.tex:362: LaTeX Error: File `å›¾6HomeMindåŠŸèƒ½æ¶æ„å›¾.png' not found.

See the LaTeX manual or LaTeX Companion for explanation.
Type  H <return>  for immediate help.
 ...                                              
                                                  
l.362 ...newidth]{å›¾6HomeMindåŠŸèƒ½æ¶æ„å›¾.png}
                                                  
I could not locate the file with any of these extensions:
.pdf,.png,.jpg,.mps,.jpeg,.jbig2,.jb2,.PDF,.PNG,.JPG,.JPEG,.JBIG2,.JB2,.eps
Try typing  <return>  to proceed.
If that doesn't work, type  X <return>  to quit.



[8]
ç¬¬ä¸‰ç« 

LaTeX Warning: Reference `tab:architecture-choice' on page 9 undefined on input line 375.


Underfull \hbox (badness 10000) in paragraph at lines 390--390
\C70/rm/m/n/12/4e I \C70/rm/m/n/12/88 Á \C70/rm/m/n/12/51 ³|\C70/rm/m/n/12/ff ^^[| \C70/rm/m/n/12/4f N \C70/rm/m/n/12/4e ã \C70/rm/m/n/12/78 ^^A \C70/rm/m/n/12/57 :
 []


Underfull \hbox (badness 6675) in paragraph at lines 390--390
\C70/rm/m/n/12/66 o\OT1/cmr/m/n/12 /\C70/rm/m/n/12/89 Ä \C70/rm/m/n/12/52 ^^Y\OT1/cmr/m/n/12 /Change \C70/rm/m/n/12/7e  
 []


Underfull \hbox (badness 3623) in paragraph at lines 390--390
[]|\C70/rm/m/n/12/5e 8 \C70/rm/m/n/12/89 Ä \C70/rm/m/n/12/63 § \C70/rm/m/n/12/52 6 \C70/rm/m/n/12/75 1 \OT1/cmr/m/n/12 Router
 []


Underfull \hbox (badness 2173) in paragraph at lines 390--390
\C70/rm/m/n/12/7a ï \C70/rm/m/n/12/4f § \C70/rm/m/n/12/50 Z \C70/rm/m/n/12/8b ¾ \C70/rm/m/n/12/59 ^^G|\C70/rm/m/n/12/30 ^^A| \C70/rm/m/n/12/7a z \C70/rm/m/n/12/95 ô|\C70/rm/m/n/12/30 ^^A|
 []


Underfull \hbox (badness 1158) in paragraph at lines 390--390
\C70/rm/m/n/12/53 O \C70/rm/m/n/12/8b ®|\C70/rm/m/n/12/30 ^^A| \OT1/cmr/m/n/12 Schema \C70/rm/m/n/12/4e ^^N \C70/rm/m/n/12/5b ‰
 []


Underfull \hbox (badness 10000) in paragraph at lines 390--390
[]|\C70/rm/m/n/12/63 Ğ \C70/rm/m/n/12/4f › N \C70/rm/m/n/12/5e ö \C70/rm/m/n/12/8f ß|\C70/rm/m/n/12/30 ^^A| \C70/rm/m/n/12/5f : \C70/rm/m/n/12/53 ï
 []


Underfull \hbox (badness 5217) in paragraph at lines 390--390
\C70/rm/m/n/12/57 0 \C70/rm/m/n/12/5b X \C70/rm/m/n/12/50 ¨|\C70/rm/m/n/12/30 ^^A| \OT1/cmr/m/n/12 Fernet \C70/rm/m/n/12/5b ù
 []


Underfull \hbox (badness 10000) in paragraph at lines 390--390
\C70/rm/m/n/12/79 ğ \C70/rm/m/n/12/52   \C70/rm/m/n/12/5b Æ|\C70/rm/m/n/12/30 ^^A| \OT1/cmr/m/n/12 PBKDF2-
 []


Underfull \hbox (badness 1158) in paragraph at lines 390--390
\C70/rm/m/n/12/6d > \C70/rm/m/n/12/75 ^^_|\C70/rm/m/n/12/30 ^^A| \C70/rm/m/n/12/56 ú \C70/rm/m/n/12/5b š \OT1/cmr/m/n/12 Schema
 []



[9

]
d:/HomeMind/main.tex:398: Missing endcsname inserted.
<to be read again> 
                   ç
l.398 .../HomeMindç«¯ä¾§æ™ºèƒ½ä½“æ€»ä½“æ¶æ„.png}
                                                  
The control sequence marked <to be read again> should
not appear between \csname and \endcsname.

d:/HomeMind/main.tex:398: Use of ??? doesn't match its definition.
<argument> ???  
                ! LaTeX Error: ç invalid in file name. Lost: fi «¯ä¾§æ™ºèƒ½ä...
l.398 .../HomeMindç«¯ä¾§æ™ºèƒ½ä½“æ€»ä½“æ¶æ„.png}
                                                  
If you say, e.g., `\def\a1{...}', then you must always
put `1' after `\a', since control sequence names are
made up of letters only. The macro here has not been
followed by the required stuff, so I'm ignoring it.

d:/HomeMind/main.tex:398: Missing endcsname inserted.
<to be read again> 
                   ç
l.398 .../HomeMindç«¯ä¾§æ™ºèƒ½ä½“æ€»ä½“æ¶æ„.png}
                                                  
The control sequence marked <to be read again> should
not appear between \csname and \endcsname.

d:/HomeMind/main.tex:398: Use of ??? doesn't match its definition.
<argument> ???  
                ! LaTeX Error: ç invalid in file name. Lost: fi «¯ä¾§æ™ºèƒ½ä...
l.398 .../HomeMindç«¯ä¾§æ™ºèƒ½ä½“æ€»ä½“æ¶æ„.png}
                                                  
If you say, e.g., `\def\a1{...}', then you must always
put `1' after `\a', since control sequence names are
made up of letters only. The macro here has not been
followed by the required stuff, so I'm ignoring it.

d:/HomeMind/main.tex:398: Missing endcsname inserted.
<to be read again> 
                   ç
l.398 .../HomeMindç«¯ä¾§æ™ºèƒ½ä½“æ€»ä½“æ¶æ„.png}
                                                  
The control sequence marked <to be read again> should
not appear between \csname and \endcsname.

d:/HomeMind/main.tex:398: Use of ??? doesn't match its definition.
<argument> ???  
                ! LaTeX Error: ç invalid in file name. Lost: fi «¯ä¾§æ™ºèƒ½ä...
l.398 .../HomeMindç«¯ä¾§æ™ºèƒ½ä½“æ€»ä½“æ¶æ„.png}
                                                  
If you say, e.g., `\def\a1{...}', then you must always
put `1' after `\a', since control sequence names are
made up of letters only. The macro here has not been
followed by the required stuff, so I'm ignoring it.


d:/HomeMind/main.tex:398: LaTeX Error: File `homemind_images/HomeMindç«¯ä¾§æ™ºèƒ½ä½“æ€»ä½“æ¶æ„.png' not found.

See the LaTeX manual or LaTeX Companion for explanation.
Type  H <return>  for immediate help.
 ...                                              
                                                  
l.398 .../HomeMindç«¯ä¾§æ™ºèƒ½ä½“æ€»ä½“æ¶æ„.png}
                                                  
I could not locate the file with any of these extensions:
.pdf,.png,.jpg,.mps,.jpeg,.jbig2,.jb2,.PDF,.PNG,.JPG,.JPEG,.JBIG2,.JB2,.eps
Try typing  <return>  to proceed.
If that doesn't work, type  X <return>  to quit.



[10]
d:/HomeMind/main.tex:413: Missing endcsname inserted.
<to be read again> 
                   æ
l.413 ...newidth]{7HomeMindæ ¸å¿ƒæ•°æ®æµå›¾.png}
                                                  
The control sequence marked <to be read again> should
not appear between \csname and \endcsname.

d:/HomeMind/main.tex:413: Use of ??? doesn't match its definition.
<argument> ???  
                ! LaTeX Error: æ invalid in file name. Lost: fi  ¸å¿ƒæ•°æ®æ...
l.413 ...newidth]{7HomeMindæ ¸å¿ƒæ•°æ®æµå›¾.png}
                                                  
If you say, e.g., `\def\a1{...}', then you must always
put `1' after `\a', since control sequence names are
made up of letters only. The macro here has not been
followed by the required stuff, so I'm ignoring it.

d:/HomeMind/main.tex:413: Missing endcsname inserted.
<to be read again> 
                   æ
l.413 ...newidth]{7HomeMindæ ¸å¿ƒæ•°æ®æµå›¾.png}
                                                  
The control sequence marked <to be read again> should
not appear between \csname and \endcsname.

d:/HomeMind/main.tex:413: Use of ??? doesn't match its definition.
<argument> ???  
                ! LaTeX Error: æ invalid in file name. Lost: fi  ¸å¿ƒæ•°æ®æ...
l.413 ...newidth]{7HomeMindæ ¸å¿ƒæ•°æ®æµå›¾.png}
                                                  
If you say, e.g., `\def\a1{...}', then you must always
put `1' after `\a', since control sequence names are
made up of letters only. The macro here has not been
followed by the required stuff, so I'm ignoring it.

d:/HomeMind/main.tex:413: Missing endcsname inserted.
<to be read again> 
                   æ
l.413 ...newidth]{7HomeMindæ ¸å¿ƒæ•°æ®æµå›¾.png}
                                                  
The control sequence marked <to be read again> should
not appear between \csname and \endcsname.

d:/HomeMind/main.tex:413: Use of ??? doesn't match its definition.
<argument> ???  
                ! LaTeX Error: æ invalid in file name. Lost: fi  ¸å¿ƒæ•°æ®æ...
l.413 ...newidth]{7HomeMindæ ¸å¿ƒæ•°æ®æµå›¾.png}
                                                  
If you say, e.g., `\def\a1{...}', then you must always
put `1' after `\a', since control sequence names are
made up of letters only. The macro here has not been
followed by the required stuff, so I'm ignoring it.


d:/HomeMind/main.tex:413: LaTeX Error: File `7HomeMindæ ¸å¿ƒæ•°æ®æµå›¾.png' not found.

See the LaTeX manual or LaTeX Companion for explanation.
Type  H <return>  for immediate help.
 ...                                              
                                                  
l.413 ...newidth]{7HomeMindæ ¸å¿ƒæ•°æ®æµå›¾.png}
                                                  
I could not locate the file with any of these extensions:
.pdf,.png,.jpg,.mps,.jpeg,.jbig2,.jb2,.PDF,.PNG,.JPG,.JPEG,.JBIG2,.JB2,.eps
Try typing  <return>  to proceed.
If that doesn't work, type  X <return>  to quit.



[11]
Underfull \hbox (badness 10000) in paragraph at lines 444--444
[]|\OT1/cmr/bx/n/12 Fernet +
 []


Underfull \hbox (badness 10000) in paragraph at lines 444--444
\OT1/cmr/bx/n/12 PBKDF2-
 []


Underfull \hbox (badness 10000) in paragraph at lines 444--444
\OT1/cmr/bx/n/12 HMAC-
 []


Underfull \hbox (badness 2103) in paragraph at lines 444--444
\C70/rm/m/n/12/53 ï \C70/rm/m/n/12/75 1 \C70/rm/m/n/12/59 ^^V \C70/rm/m/n/12/90 è \C70/rm/m/n/12/53 ã \C70/rm/m/n/12/4e ä \C70/rm/m/n/12/6d > \C70/rm/m/n/12/75 ^^_|\C70/rm/m/n/12/ff ^^[|
 []


Underfull \hbox (badness 10000) in paragraph at lines 444--444
[]|\C70/rm/m/n/12/4f \ \C70/rm/m/n/12/4e : \C70/rm/m/n/12/54 ^^N \C70/rm/m/n/12/7e í \C70/rm/m/n/12/4f ^^A \C70/rm/m/n/12/4e ^^Z \C70/rm/m/n/12/7e §
 []


Underfull \hbox (badness 6300) in paragraph at lines 444--444
[]|\C70/rm/m/n/12/5b  \C70/rm/m/n/12/73 ° \C70/rm/m/n/12/7b € \C70/rm/m/n/12/53 U|\C70/rm/m/n/12/ff ^^L| \C70/rm/m/n/12/8c ^^C \C70/rm/m/n/12/8b Õ \C70/rm/m/n/12/65 ¹
 []


Underfull \hbox (badness 1442) in paragraph at lines 444--444
[]|\C70/rm/m/n/12/65 à \C70/rm/m/n/12/6c Õ \C70/rm/m/n/12/62 µ \C70/rm/m/n/12/5f ¡ \C70/rm/m/n/12/59 ^^G \C70/rm/m/n/12/4e ı \C70/rm/m/n/12/6c Ä \C70/rm/m/n/12/97 2|\C70/rm/m/n/12/30 ^^A|
 []



[12]

LaTeX Warning: Reference `fig:security-cloud-governance' on page 13 undefined on input line 451.

d:/HomeMind/main.tex:455: Missing endcsname inserted.
<to be read again> 
                   ç
l.455 ...]{homemind_images/ç«¯äº‘ååŒæ²»ç†.png}
                                                  
The control sequence marked <to be read again> should
not appear between \csname and \endcsname.

d:/HomeMind/main.tex:455: Use of ??? doesn't match its definition.
<argument> ???  
                ! LaTeX Error: ç invalid in file name. Lost: fi «¯äº‘ååŒæ...
l.455 ...]{homemind_images/ç«¯äº‘ååŒæ²»ç†.png}
                                                  
If you say, e.g., `\def\a1{...}', then you must always
put `1' after `\a', since control sequence names are
made up of letters only. The macro here has not been
followed by the required stuff, so I'm ignoring it.

d:/HomeMind/main.tex:455: Missing endcsname inserted.
<to be read again> 
                   ç
l.455 ...]{homemind_images/ç«¯äº‘ååŒæ²»ç†.png}
                                                  
The control sequence marked <to be read again> should
not appear between \csname and \endcsname.

d:/HomeMind/main.tex:455: Use of ??? doesn't match its definition.
<argument> ???  
                ! LaTeX Error: ç invalid in file name. Lost: fi «¯äº‘ååŒæ...
l.455 ...]{homemind_images/ç«¯äº‘ååŒæ²»ç†.png}
                                                  
If you say, e.g., `\def\a1{...}', then you must always
put `1' after `\a', since control sequence names are
made up of letters only. The macro here has not been
followed by the required stuff, so I'm ignoring it.

d:/HomeMind/main.tex:455: Missing endcsname inserted.
<to be read again> 
                   ç
l.455 ...]{homemind_images/ç«¯äº‘ååŒæ²»ç†.png}
                                                  
The control sequence marked <to be read again> should
not appear between \csname and \endcsname.

d:/HomeMind/main.tex:455: Use of ??? doesn't match its definition.
<argument> ???  
                ! LaTeX Error: ç invalid in file name. Lost: fi «¯äº‘ååŒæ...
l.455 ...]{homemind_images/ç«¯äº‘ååŒæ²»ç†.png}
                                                  
If you say, e.g., `\def\a1{...}', then you must always
put `1' after `\a', since control sequence names are
made up of letters only. The macro here has not been
followed by the required stuff, so I'm ignoring it.


d:/HomeMind/main.tex:455: LaTeX Error: File `homemind_images/ç«¯äº‘ååŒæ²»ç†.png' not found.

See the LaTeX manual or LaTeX Companion for explanation.
Type  H <return>  for immediate help.
 ...                                              
                                                  
l.455 ...]{homemind_images/ç«¯äº‘ååŒæ²»ç†.png}
                                                  
I could not locate the file with any of these extensions:
.pdf,.png,.jpg,.mps,.jpeg,.jbig2,.jb2,.PDF,.PNG,.JPG,.JPEG,.JBIG2,.JB2,.eps
Try typing  <return>  to proceed.
If that doesn't work, type  X <return>  to quit.



[13]
d:/HomeMind/main.tex:473: Missing endcsname inserted.
<to be read again> 
                   è
l.473 ...›¾Cå®¶åº­å®‰å…¨å¼ºåˆ¶æ¾„æ¸…åœºæ™¯å›¾.png}
                                                  
The control sequence marked <to be read again> should
not appear between \csname and \endcsname.

d:/HomeMind/main.tex:473: Use of ??? doesn't match its definition.
<argument> ???  
                ! LaTeX Error: è invalid in file name. Lost: fi ¡¥å……å›¾Cå®¶...
l.473 ...›¾Cå®¶åº­å®‰å…¨å¼ºåˆ¶æ¾„æ¸…åœºæ™¯å›¾.png}
                                                  
If you say, e.g., `\def\a1{...}', then you must always
put `1' after `\a', since control sequence names are
made up of letters only. The macro here has not been
followed by the required stuff, so I'm ignoring it.

d:/HomeMind/main.tex:473: Missing endcsname inserted.
<to be read again> 
                   è
l.473 ...›¾Cå®¶åº­å®‰å…¨å¼ºåˆ¶æ¾„æ¸…åœºæ™¯å›¾.png}
                                                  
The control sequence marked <to be read again> should
not appear between \csname and \endcsname.

d:/HomeMind/main.tex:473: Use of ??? doesn't match its definition.
<argument> ???  
                ! LaTeX Error: è invalid in file name. Lost: fi ¡¥å……å›¾Cå®¶...
l.473 ...›¾Cå®¶åº­å®‰å…¨å¼ºåˆ¶æ¾„æ¸…åœºæ™¯å›¾.png}
                                                  
If you say, e.g., `\def\a1{...}', then you must always
put `1' after `\a', since control sequence names are
made up of letters only. The macro here has not been
followed by the required stuff, so I'm ignoring it.

d:/HomeMind/main.tex:473: Missing endcsname inserted.
<to be read again> 
                   è
l.473 ...›¾Cå®¶åº­å®‰å…¨å¼ºåˆ¶æ¾„æ¸…åœºæ™¯å›¾.png}
                                                  
The control sequence marked <to be read again> should
not appear between \csname and \endcsname.

d:/HomeMind/main.tex:473: Use of ??? doesn't match its definition.
<argument> ???  
                ! LaTeX Error: è invalid in file name. Lost: fi fi ¡¥å……å›¾C...
l.473 ...›¾Cå®¶åº­å®‰å…¨å¼ºåˆ¶æ¾„æ¸…åœºæ™¯å›¾.png}
                                                  
If you say, e.g., `\def\a1{...}', then you must always
put `1' after `\a', since control sequence names are
made up of letters only. The macro here has not been
followed by the required stuff, so I'm ignoring it.


d:/HomeMind/main.tex:473: LaTeX Error: File `è¡¥å……å›¾Cå®¶åº­å®‰å…¨å¼ºåˆ¶æ¾„æ¸…åœºæ™¯å›¾.png' not found.

See the LaTeX manual or LaTeX Companion for explanation.
Type  H <return>  for immediate help.
 ...                                              
                                                  
l.473 ...›¾Cå®¶åº­å®‰å…¨å¼ºåˆ¶æ¾„æ¸…åœºæ™¯å›¾.png}
                                                  
I could not locate the file with any of these extensions:
.pdf,.png,.jpg,.mps,.jpeg,.jbig2,.jb2,.PDF,.PNG,.JPG,.JPEG,.JBIG2,.JB2,.eps
Try typing  <return>  to proceed.
If that doesn't work, type  X <return>  to quit.



[14]
ç¬¬å››ç« 


[15

]

[16]

[17]
Underfull \hbox (badness 3354) in paragraph at lines 556--557
\C70/rm/m/n/12/70 í \C70/rm/m/n/12/4e †\OT1/cmr/m/n/12 "|\C70/rm/m/n/12/ff ^^[| \OT1/cmr/m/n/12 "\C70/rm/m/n/12/95 ÷ \C70/rm/m/n/12/5f — ˆ\OT1/cmr/m/n/12 /\C70/rm/m/n/12/95 ÷ \C70/rm/m/n/12/5f — \C70/rm/m/n/12/61 L\OT1/cmr/m/n/12 /\C70/rm/m/n/12/67 	 \C70/rm/m/n/12/70 ¹ \C70/rm/m/n/12/95 ÷\OT1/cmr/m/n/12 "\TS1/cmr/m/n/12 ^^Y\OT1/cmr/m/n/12 "\C70/rm/m/n/12/67 	 \C70/rm/m/n/12/70 ¹ \C70/rm/m/n/12/95 ÷\OT1/cmr/m/n/12 "|\C70/rm/m/n/12/ff ^^[| \OT1/cmr/m/n/12 "\C70/rm/m/n/12/51 · \C70/rm/m/n/12/5f — ˆ\OT1/cmr/m/n/12 /\C70/rm/m/n/12/59 } \C70/rm/m/n/12/51 ·\OT1/cmr/m/n/12 /\C70/rm/m/n/12/66 – \C70/rm/m/n/12/54 Œ \C70/rm/m/n/12/70 ¹\OT1/cmr/m/n/12 "\TS1/cmr/m/n/12 ^^Y\OT1/cmr/m/n/12 "\C70/rm/m/n/12/59 * \C70/rm/m/n/12/51 · \C70/rm/m/n/12/4e †\OT1/cmr/m/n/12 "|\C70/rm/m/n/12/ff ^^[|
 []



[18]
ç¬¬äº”ç« 


[19

]
Underfull \hbox (badness 1292) in paragraph at lines 596--597
\C70/rm/m/n/12/5f S \C70/rm/m/n/12/52 M \C70/rm/m/n/12/6f À \C70/rm/m/n/12/6d ; \OT1/cmr/m/n/12 SVG \C70/rm/m/n/12/62 7 \C70/rm/m/n/12/57 ‹ \C70/rm/m/n/12/56 ş \C70/rm/m/n/12/53 Ê \C70/rm/m/n/12/51 v \C70/rm/m/n/12/8b ¾ \C70/rm/m/n/12/59 ^^G \C70/rm/m/n/12/66   \C70/rm/m/n/12/5c ^^D \C70/rm/m/n/12/88 h|\C70/rm/m/n/12/ff ^^L| \C70/rm/m/n/12/78 n \C70/rm/m/n/12/8b ¤ \C70/rm/m/n/12/76 î \C70/rm/m/n/12/68 ^^G \C70/rm/m/n/12/8b ¾ \C70/rm/m/n/12/59 ^^G \C70/rm/m/n/12/5b X \C70/rm/m/n/12/57 ( \C70/rm/m/n/12/54 ^^N \C70/rm/m/n/12/51  \C70/rm/m/n/12/8c ^^C \C70/rm/m/n/12/75 ( \OT1/cmr/m/n/12 De-vice-Con-
 []



[20]
d:/HomeMind/main.tex:610: Missing endcsname inserted.
<to be read again> 
                   è
l.610 ...ç åœºæ™¯ä¸TAPè§„åˆ™ç”Ÿæˆäº¤äº’å›¾.png}
                                                  
The control sequence marked <to be read again> should
not appear between \csname and \endcsname.

d:/HomeMind/main.tex:610: Use of ??? doesn't match its definition.
<argument> ???  
                ! LaTeX Error: è invalid in file name. Lost: fi ¡¥å……å›¾Aä½...
l.610 ...ç åœºæ™¯ä¸TAPè§„åˆ™ç”Ÿæˆäº¤äº’å›¾.png}
                                                  
If you say, e.g., `\def\a1{...}', then you must always
put `1' after `\a', since control sequence names are
made up of letters only. The macro here has not been
followed by the required stuff, so I'm ignoring it.

d:/HomeMind/main.tex:610: Missing endcsname inserted.
<to be read again> 
                   è
l.610 ...ç åœºæ™¯ä¸TAPè§„åˆ™ç”Ÿæˆäº¤äº’å›¾.png}
                                                  
The control sequence marked <to be read again> should
not appear between \csname and \endcsname.

d:/HomeMind/main.tex:610: Use of ??? doesn't match its definition.
<argument> ???  
                ! LaTeX Error: è invalid in file name. Lost: fi ¡¥å……å›¾Aä½...
l.610 ...ç åœºæ™¯ä¸TAPè§„åˆ™ç”Ÿæˆäº¤äº’å›¾.png}
                                                  
If you say, e.g., `\def\a1{...}', then you must always
put `1' after `\a', since control sequence names are
made up of letters only. The macro here has not been
followed by the required stuff, so I'm ignoring it.

d:/HomeMind/main.tex:610: Missing endcsname inserted.
<to be read again> 
                   è
l.610 ...ç åœºæ™¯ä¸TAPè§„åˆ™ç”Ÿæˆäº¤äº’å›¾.png}
                                                  
The control sequence marked <to be read again> should
not appear between \csname and \endcsname.

d:/HomeMind/main.tex:610: Use of ??? doesn't match its definition.
<argument> ???  
                ! LaTeX Error: è invalid in file name. Lost: fi fi ¡¥å……å›¾A...
l.610 ...ç åœºæ™¯ä¸TAPè§„åˆ™ç”Ÿæˆäº¤äº’å›¾.png}
                                                  
If you say, e.g., `\def\a1{...}', then you must always
put `1' after `\a', since control sequence names are
made up of letters only. The macro here has not been
followed by the required stuff, so I'm ignoring it.


d:/HomeMind/main.tex:610: LaTeX Error: File `è¡¥å……å›¾Aä½ä»£ç åœºæ™¯ä¸TAPè§„åˆ™ç”Ÿæˆäº¤äº’å›¾.png' not found.

See the LaTeX manual or LaTeX Companion for explanation.
Type  H <return>  for immediate help.
 ...                                              
                                                  
l.610 ...ç åœºæ™¯ä¸TAPè§„åˆ™ç”Ÿæˆäº¤äº’å›¾.png}
                                                  
I could not locate the file with any of these extensions:
.pdf,.png,.jpg,.mps,.jpeg,.jbig2,.jb2,.PDF,.PNG,.JPG,.JPEG,.JBIG2,.JB2,.eps
Try typing  <return>  to proceed.
If that doesn't work, type  X <return>  to quit.



[21]
ç¬¬å…­ç« 

Underfull \hbox (badness 1308) in paragraph at lines 631--632
[]\C70/rm/m/n/12/6d K \C70/rm/m/n/12/8b Õ \C70/rm/m/n/12/57 ( \OT1/cmr/m/n/12 Python 3.10 + Py-Torch 2.6.0 \C70/rm/m/n/12/73 ¯ \C70/rm/m/n/12/58 ƒ \C70/rm/m/n/12/4e - \C70/rm/m/n/12/62 g \C70/rm/m/n/12/88 L|\C70/rm/m/n/12/ff ^^L| \C70/rm/m/n/12/4e ; \C70/rm/m/n/12/89  \C70/rm/m/n/12/4f  \C70/rm/m/n/12/8d V \C70/rm/m/n/12/53 ^^E \C70/rm/m/n/12/62 ì \OT1/cmr/m/n/12 sentence-
 []



[22

]
Underfull \hbox (badness 1769) in paragraph at lines 651--651
[]|\C70/rm/m/n/12/52   \C70/rm/m/n/12/8f } \OT1/cmr/m/n/12 Chro-maDB|\C70/rm/m/n/12/30 ^^A| \OT1/cmr/m/n/12 PyTorch|\C70/rm/m/n/12/30 ^^A| \OT1/cmr/m/n/12 Web Server \C70/rm/m/n/12/4e ^^N
 []


Underfull \hbox (badness 5908) in paragraph at lines 651--651
[]|\OT1/cmr/bx/n/12 llama.cpp 1.5B
 []


Underfull \hbox (badness 10000) in paragraph at lines 651--651
[]|\C70/rm/m/n/12/53 U \C70/rm/m/n/12/72 ì \C70/rm/m/n/12/52   \C70/rm/m/n/12/8f } \OT1/cmr/m/n/12 Qwen2.5-1.5B-Instruct-Q4[]K[]M
 []


Underfull \hbox (badness 10000) in paragraph at lines 651--651
[]|\OT1/cmr/bx/n/12 Full Lo-cal +
 []



[23]

[24]
ç¬¬ä¸ƒç« 

Underfull \hbox (badness 2229) in paragraph at lines 687--688
[]\OT1/cmr/m/n/12 Matter \C70/rm/m/n/12/53 O \C70/rm/m/n/12/8b ® \C70/rm/m/n/12/90 ^^B \C70/rm/m/n/12/91 M \C70/rm/m/n/12/7c { |\C70/rm/m/n/12/ff ^^H|\OT1/cmr/m/n/12 MatterProtocol|\C70/rm/m/n/12/ff 	| \C70/rm/m/n/12/65 / \C70/rm/m/n/12/63 ^^A \OT1/cmr/m/n/12 Mat-ter \C70/rm/m/n/12/68 ^^G \C70/rm/m/n/12/51 Æ \C70/rm/m/n/12/66 z \C70/rm/m/n/12/80 ı \C70/rm/m/n/12/5b ¶ \C70/rm/m/n/12/5c E \C70/rm/m/n/12/8b ¾ \C70/rm/m/n/12/59 ^^G \C70/rm/m/n/12/8f Ş \C70/rm/m/n/12/63 ¥|\C70/rm/m/n/12/ff ^^[|
 []


Underfull \hbox (badness 1917) in paragraph at lines 687--688
\OT1/cmr/m/n/12 MQTT \C70/rm/m/n/12/53 O \C70/rm/m/n/12/8b ® \C70/rm/m/n/12/90 ^^B \C70/rm/m/n/12/91 M \C70/rm/m/n/12/7c { |\C70/rm/m/n/12/ff ^^H|\OT1/cmr/m/n/12 MQTTProtocol|\C70/rm/m/n/12/ff 	| \C70/rm/m/n/12/65 / \C70/rm/m/n/12/63 ^^A \C70/rm/m/n/12/57 ú \C70/rm/m/n/12/4e  \OT1/cmr/m/n/12 MQTT \C70/rm/m/n/12/76 „ \C70/rm/m/n/12/72 i \C70/rm/m/n/12/80 T \C70/rm/m/n/12/7f Q \C70/rm/m/n/12/8b ¾ \C70/rm/m/n/12/59 ^^G|\C70/rm/m/n/12/ff ^^[| \C70/rm/m/n/12/5c ^^O \C70/rm/m/n/12/7c s s
 []


Underfull \hbox (badness 2698) in paragraph at lines 687--688
\C70/rm/m/n/12/5b ¶ \C70/rm/m/n/12/53 O \C70/rm/m/n/12/8b ® \C70/rm/m/n/12/90 ^^B \C70/rm/m/n/12/91 M \C70/rm/m/n/12/7c { |\C70/rm/m/n/12/ff ^^H|\OT1/cmr/m/n/12 XiaomiProtocol|\C70/rm/m/n/12/ff 	| \C70/rm/m/n/12/65 / \C70/rm/m/n/12/63 ^^A \C70/rm/m/n/12/7c s \C70/rm/m/n/12/5b ¶ \C70/rm/m/n/12/75 ^^_ \C70/rm/m/n/12/60 ^^A \C70/rm/m/n/12/94 ş \C70/rm/m/n/12/8b ¾ \C70/rm/m/n/12/59 ^^G|\C70/rm/m/n/12/ff ^^[| \OT1/cmr/m/n/12 Home As-sis-tant \C70/rm/m/n/12/90 ^^B \C70/rm/m/n/12/91 M \C70/rm/m/n/12/7c {
 []



[25

]

[26]
ç¬¬å…«ç« 

Underfull \hbox (badness 1097) in paragraph at lines 731--732
[]\C70/rm/m/n/12/4e ‘ \C70/rm/m/n/12/7a ï \C70/rm/m/n/12/59 ' \C70/rm/m/n/12/6a ! \C70/rm/m/n/12/57 ‹ \C70/rm/m/n/12/8f “ \C70/rm/m/n/12/51 ú \C70/rm/m/n/12/56 ú \C70/rm/m/n/12/5b š \OT1/cmr/m/n/12 JSON \C70/rm/m/n/12/68 < \C70/rm/m/n/12/5f ^^O \C70/rm/m/n/12/76 „ \C70/rm/m/n/12/51 ³ \C70/rm/m/n/12/7b V \C70/rm/m/n/12/5e ú \C70/rm/m/n/12/8b ®|\C70/rm/m/n/12/ff ^^L| \C70/rm/m/n/12/8f “ \C70/rm/m/n/12/51 ú \C70/rm/m/n/12/68 < \C70/rm/m/n/12/5f ^^O \C70/rm/m/n/12/88 « \C70/rm/m/n/12/4e % \C70/rm/m/n/12/68 < \C70/rm/m/n/12/7e ¦ \C70/rm/m/n/12/67 _ \C70/rm/m/n/12/4e : \C70/rm/m/n/12/98 „ \C70/rm/m/n/12/5b š \C70/rm/m/n/12/4e I
 []

d:/HomeMind/main.tex:739: Missing endcsname inserted.
<to be read again> 
                   ç
l.739 ...{HomeMindç«¯äº‘ååŒå†³ç­–æµç¨‹å›¾.png}
                                                  
The control sequence marked <to be read again> should
not appear between \csname and \endcsname.

d:/HomeMind/main.tex:739: Use of ??? doesn't match its definition.
<argument> ???  
                ! LaTeX Error: ç invalid in file name. Lost: fi «¯äº‘ååŒå...
l.739 ...{HomeMindç«¯äº‘ååŒå†³ç­–æµç¨‹å›¾.png}
                                                  
If you say, e.g., `\def\a1{...}', then you must always
put `1' after `\a', since control sequence names are
made up of letters only. The macro here has not been
followed by the required stuff, so I'm ignoring it.

d:/HomeMind/main.tex:739: Missing endcsname inserted.
<to be read again> 
                   ç
l.739 ...{HomeMindç«¯äº‘ååŒå†³ç­–æµç¨‹å›¾.png}
                                                  
The control sequence marked <to be read again> should
not appear between \csname and \endcsname.

d:/HomeMind/main.tex:739: Use of ??? doesn't match its definition.
<argument> ???  
                ! LaTeX Error: ç invalid in file name. Lost: fi «¯äº‘ååŒå...
l.739 ...{HomeMindç«¯äº‘ååŒå†³ç­–æµç¨‹å›¾.png}
                                                  
If you say, e.g., `\def\a1{...}', then you must always
put `1' after `\a', since control sequence names are
made up of letters only. The macro here has not been
followed by the required stuff, so I'm ignoring it.

d:/HomeMind/main.tex:739: Missing endcsname inserted.
<to be read again> 
                   ç
l.739 ...{HomeMindç«¯äº‘ååŒå†³ç­–æµç¨‹å›¾.png}
                                                  
The control sequence marked <to be read again> should
not appear between \csname and \endcsname.

d:/HomeMind/main.tex:739: Use of ??? doesn't match its definition.
<argument> ???  
                ! LaTeX Error: ç invalid in file name. Lost: fi «¯äº‘ååŒå...
l.739 ...{HomeMindç«¯äº‘ååŒå†³ç­–æµç¨‹å›¾.png}
                                                  
If you say, e.g., `\def\a1{...}', then you must always
put `1' after `\a', since control sequence names are
made up of letters only. The macro here has not been
followed by the required stuff, so I'm ignoring it.


d:/HomeMind/main.tex:739: LaTeX Error: File `HomeMindç«¯äº‘ååŒå†³ç­–æµç¨‹å›¾.png' not found.

See the LaTeX manual or LaTeX Companion for explanation.
Type  H <return>  for immediate help.
 ...                                              
                                                  
l.739 ...{HomeMindç«¯äº‘ååŒå†³ç­–æµç¨‹å›¾.png}
                                                  
I could not locate the file with any of these extensions:
.pdf,.png,.jpg,.mps,.jpeg,.jbig2,.jb2,.PDF,.PNG,.JPG,.JPEG,.JBIG2,.JB2,.eps
Try typing  <return>  to proceed.
If that doesn't work, type  X <return>  to quit.



[27

]

[28]
ç¬¬ä¹ç« 

Overfull \hbox (13.60965pt too wide) in paragraph at lines 783--783
 |\C70/rm/m/n/12/ff ^^H|\OT1/cmr/m/n/12 HomeContext|\C70/rm/m/n/12/ff 	| 
 []



[29

]

[30]
ç¬¬åç« 

Underfull \hbox (badness 1383) in paragraph at lines 788--789
\C70/rm/m/n/12/53 ï \C70/rm/m/n/12/89 Æ \C70/rm/m/n/12/53 ^^V|\C70/rm/m/n/12/ff ^^L| \C70/rm/m/n/12/75 ( \C70/rm/m/n/12/4e  \C70/rm/m/n/12/5b  \C70/rm/m/n/12/73 ° \C70/rm/m/n/12/62 ? \C70/rm/m/n/12/95 ô \C70/rm/m/n/12/7e § \C70/rm/m/n/12/61 ^^O \C70/rm/m/n/12/56 ş \C70/rm/m/n/12/74 ^^F \C70/rm/m/n/12/89 ã \C70/rm/m/n/12/80 ı \C70/rm/m/n/12/52 ›|\C70/rm/m/n/12/30 ^^B| \C70/rm/m/n/12/5f S \C70/rm/m/n/12/52 M \C70/rm/m/n/12/9e Ø \C70/rm/m/n/12/8b ¤ \C70/rm/m/n/12/62 7 \C70/rm/m/n/12/57 ‹ \C70/rm/m/n/12/56 ş \C70/rm/m/n/12/67 e \C70/rm/m/n/12/81 ê \OT1/cmr/m/n/12 Haus-RA-Gen \C70/rm/m/n/12/79 : \C70/rm/m/n/12/4f ‹
 []


Underfull \hbox (badness 2591) in paragraph at lines 794--795
[]\C70/rm/m/n/12/8b ¾ \C70/rm/m/n/12/59 ^^G \C70/rm/m/n/12/66   \C70/rm/m/n/12/5c ^^D \C70/rm/m/n/12/65 p \C70/rm/m/n/12/63 n \C70/rm/m/n/12/4f ^^? \C70/rm/m/n/12/7c û \C70/rm/m/n/12/7e ß \C70/rm/m/n/12/80 ı \C70/rm/m/n/12/59 ^^_ \C70/rm/m/n/12/74 ^^F \C70/rm/m/n/12/89 ã\OT1/cmr/m/n/12 "\C70/rm/m/n/12/62 S \C70/rm/m/n/12/5f ^^@ \C70/rm/m/n/12/5b ¢ \C70/rm/m/n/12/53 … \C70/rm/m/n/12/70 o\OT1/cmr/m/n/12 "\C70/rm/m/n/12/7b I \C70/rm/m/n/12/5e & \C70/rm/m/n/12/62 ? \C70/rm/m/n/12/95 ô \C70/rm/m/n/12/4f î \C70/rm/m/n/12/99 p \C70/rm/m/n/12/76 „ \C70/rm/m/n/12/63 ^^G \C70/rm/m/n/12/4e ä|\C70/rm/m/n/12/ff ^^L| \C70/rm/m/n/12/90 ^^Z \C70/rm/m/n/12/8f Ç \C70/rm/m/n/12/67 å \C70/rm/m/n/12/8b â
 []



[31

]

[32]
ç¬¬åä¸€ç« 


[33

]

LaTeX Warning: Reference `tab:command-dataset-summary' on page 34 undefined on input line 829.


Underfull \hbox (badness 1102) in paragraph at lines 829--830
\OT1/cmtt/m/n/12 evaluate _ command _ dataset . py$|\C70/rm/m/n/12/ff ^^L| \C70/rm/m/n/12/62 g \C70/rm/m/n/12/88 L \C70/rm/m/n/12/65 ¹ \C70/rm/m/n/12/5f ^^O \C70/rm/m/n/12/4e : \C70/rm/m/n/12/76 ô \C70/rm/m/n/12/63 ¥ \C70/rm/m/n/12/8c ^^C \C70/rm/m/n/12/75 ( \OT1/cmr/m/n/12 Flask \OT1/cmtt/m/n/12 test[]client|\C70/rm/m/n/12/ff ^^L| \C70/rm/m/n/12/4e ^^M \C70/rm/m/n/12/4f  \C70/rm/m/n/12/8d V
 []



[34]
Underfull \hbox (badness 10000) in alignment at lines 851--851
[][][][][][] 
 []

(C:\Users\wblxr\AppData\Local\Programs\MiKTeX\tex/latex/zhmetrics\c70zhfs.fd)
Underfull \hbox (badness 10000) in paragraph at lines 871--871
[]|\C70/rm/bx/n/10.95/51 ·\OT1/cmr/bx/n/10.95 /\C70/rm/bx/n/10.95/95 ÷ \C70/rm/bx/n/10.95/88 h \C70/rm/bx/n/10.95/8f ¾ \C70/rm/bx/n/10.95/53 ì \C70/rm/bx/n/10.95/56 Ş \C70/rm/bx/n/10.95/4e ^^M
 []


Underfull \hbox (badness 1817) in paragraph at lines 871--871
[]| |\C70/rm/m/n/10.95/20 ^^\|\C70/rm/m/n/10.95/51 s \C70/rm/m/n/10.95/95 í \C70/rm/m/n/10.95/97 ó \C70/rm/m/n/10.95/54 Í|\C70/rm/m/n/10.95/20 ^^]| \C70/rm/m/n/10.95/5d ò \C70/rm/m/n/10.95/8f Ô \C70/rm/m/n/10.95/56 Ş \C70/zhfs/m/n/10.95/97 ó \C70/zhfs/m/n/10.95/54 Í[]\OT1/cmtt/m/n/10.95 off|\C70/rm/m/n/10.95/ff ^^L||\C70/rm/m/n/10.95/20 ^^\|\C70/rm/m/n/10.95/62 S
 []


Underfull \hbox (badness 2698) in paragraph at lines 871--871
[]|\C70/rm/bx/n/10.95/4e ^^M \C70/rm/bx/n/10.95/65 / \C70/rm/bx/n/10.95/63 ^^A \C70/rm/bx/n/10.95/8b ¾ \C70/rm/bx/n/10.95/59 ^^G \C70/rm/bx/n/10.95/8b Æ \C70/rm/bx/n/10.95/52 + \C70/rm/bx/n/10.95/4e ^^M
 []


Underfull \hbox (badness 2753) in paragraph at lines 871--871
[]| |\C70/rm/m/n/10.95/20 ^^\|\C70/rm/m/n/10.95/51 ° \C70/rm/m/n/10.95/7b ±|\C70/rm/m/n/10.95/20 ^^]||^^\|\C70/rm/m/n/10.95/54 – \C70/rm/m/n/10.95/55 a \C70/rm/m/n/10.95/67 :|\C70/rm/m/n/10.95/20 ^^]||^^\|\C70/rm/m/n/10.95/62 • \C70/rm/m/n/10.95/5f q \C70/rm/m/n/10.95/4e ê|\C70/rm/m/n/10.95/20 ^^]| \C70/rm/m/n/10.95/5d ò \C70/rm/m/n/10.95/8f Û \C70/rm/m/n/10.95/51 e
 []



[35]
d:/HomeMind/main.tex:880: Missing endcsname inserted.
<to be read again> 
                   æ
l.880 ...\linewidth]{HomeMindæµ‹è¯•ç»“æœå›¾1.png}
                                                  
The control sequence marked <to be read again> should
not appear between \csname and \endcsname.

d:/HomeMind/main.tex:880: Use of ??? doesn't match its definition.
<argument> ???  
                ! LaTeX Error: æ invalid in file name. Lost: fi µ‹è¯•ç»“æœå...
l.880 ...\linewidth]{HomeMindæµ‹è¯•ç»“æœå›¾1.png}
                                                  
If you say, e.g., `\def\a1{...}', then you must always
put `1' after `\a', since control sequence names are
made up of letters only. The macro here has not been
followed by the required stuff, so I'm ignoring it.

d:/HomeMind/main.tex:880: Missing endcsname inserted.
<to be read again> 
                   æ
l.880 ...\linewidth]{HomeMindæµ‹è¯•ç»“æœå›¾1.png}
                                                  
The control sequence marked <to be read again> should
not appear between \csname and \endcsname.

d:/HomeMind/main.tex:880: Use of ??? doesn't match its definition.
<argument> ???  
                ! LaTeX Error: æ invalid in file name. Lost: fi µ‹è¯•ç»“æœå...
l.880 ...\linewidth]{HomeMindæµ‹è¯•ç»“æœå›¾1.png}
                                                  
If you say, e.g., `\def\a1{...}', then you must always
put `1' after `\a', since control sequence names are
made up of letters only. The macro here has not been
followed by the required stuff, so I'm ignoring it.

d:/HomeMind/main.tex:880: Missing endcsname inserted.
<to be read again> 
                   æ
l.880 ...\linewidth]{HomeMindæµ‹è¯•ç»“æœå›¾1.png}
                                                  
The control sequence marked <to be read again> should
not appear between \csname and \endcsname.

d:/HomeMind/main.tex:880: Use of ??? doesn't match its definition.
<argument> ???  
                ! LaTeX Error: æ invalid in file name. Lost: fi µ‹è¯•ç»“æœå...
l.880 ...\linewidth]{HomeMindæµ‹è¯•ç»“æœå›¾1.png}
                                                  
If you say, e.g., `\def\a1{...}', then you must always
put `1' after `\a', since control sequence names are
made up of letters only. The macro here has not been
followed by the required stuff, so I'm ignoring it.


d:/HomeMind/main.tex:880: LaTeX Error: File `HomeMindæµ‹è¯•ç»“æœå›¾1.png' not found.

See the LaTeX manual or LaTeX Companion for explanation.
Type  H <return>  for immediate help.
 ...                                              
                                                  
l.880 ...\linewidth]{HomeMindæµ‹è¯•ç»“æœå›¾1.png}
                                                  
I could not locate the file with any of these extensions:
.pdf,.png,.jpg,.mps,.jpeg,.jbig2,.jb2,.PDF,.PNG,.JPG,.JPEG,.JBIG2,.JB2,.eps
Try typing  <return>  to proceed.
If that doesn't work, type  X <return>  to quit.



[36]

LaTeX Warning: Reference `fig:test-result-1' on page 37 undefined on input line 885.


LaTeX Warning: Reference `tab:command-dataset-summary' on page 37 undefined on input line 885.

d:/HomeMind/main.tex:895: Missing endcsname inserted.
<to be read again> 
                   æ
l.895 ...\linewidth]{HomeMindæµ‹è¯•ç»“æœå›¾2.png}
                                                  
The control sequence marked <to be read again> should
not appear between \csname and \endcsname.

d:/HomeMind/main.tex:895: Use of ??? doesn't match its definition.
<argument> ???  
                ! LaTeX Error: æ invalid in file name. Lost: fi µ‹è¯•ç»“æœå...
l.895 ...\linewidth]{HomeMindæµ‹è¯•ç»“æœå›¾2.png}
                                                  
If you say, e.g., `\def\a1{...}', then you must always
put `1' after `\a', since control sequence names are
made up of letters only. The macro here has not been
followed by the required stuff, so I'm ignoring it.

d:/HomeMind/main.tex:895: Missing endcsname inserted.
<to be read again> 
                   æ
l.895 ...\linewidth]{HomeMindæµ‹è¯•ç»“æœå›¾2.png}
                                                  
The control sequence marked <to be read again> should
not appear between \csname and \endcsname.

d:/HomeMind/main.tex:895: Use of ??? doesn't match its definition.
<argument> ???  
                ! LaTeX Error: æ invalid in file name. Lost: fi µ‹è¯•ç»“æœå...
l.895 ...\linewidth]{HomeMindæµ‹è¯•ç»“æœå›¾2.png}
                                                  
If you say, e.g., `\def\a1{...}', then you must always
put `1' after `\a', since control sequence names are
made up of letters only. The macro here has not been
followed by the required stuff, so I'm ignoring it.

d:/HomeMind/main.tex:895: Missing endcsname inserted.
<to be read again> 
                   æ
l.895 ...\linewidth]{HomeMindæµ‹è¯•ç»“æœå›¾2.png}
                                                  
The control sequence marked <to be read again> should
not appear between \csname and \endcsname.

d:/HomeMind/main.tex:895: Use of ??? doesn't match its definition.
<argument> ???  
                ! LaTeX Error: æ invalid in file name. Lost: fi µ‹è¯•ç»“æœå...
l.895 ...\linewidth]{HomeMindæµ‹è¯•ç»“æœå›¾2.png}
                                                  
If you say, e.g., `\def\a1{...}', then you must always
put `1' after `\a', since control sequence names are
made up of letters only. The macro here has not been
followed by the required stuff, so I'm ignoring it.


d:/HomeMind/main.tex:895: LaTeX Error: File `HomeMindæµ‹è¯•ç»“æœå›¾2.png' not found.

See the LaTeX manual or LaTeX Companion for explanation.
Type  H <return>  for immediate help.
 ...                                              
                                                  
l.895 ...\linewidth]{HomeMindæµ‹è¯•ç»“æœå›¾2.png}
                                                  
I could not locate the file with any of these extensions:
.pdf,.png,.jpg,.mps,.jpeg,.jbig2,.jb2,.PDF,.PNG,.JPG,.JPEG,.JBIG2,.JB2,.eps
Try typing  <return>  to proceed.
If that doesn't work, type  X <return>  to quit.


LaTeX Warning: Reference `fig:test-result-2' on page 37 undefined on input line 900.



[37]
ç¬¬åäºŒç« 

Underfull \hbox (badness 1668) in paragraph at lines 912--913
[]\C70/rm/m/n/12/57 : \C70/rm/m/n/12/66 o \C70/rm/m/n/12/4e 	 |\C70/rm/m/n/12/ff ^^H|\C70/rm/m/n/12/5b ¶ \C70/rm/m/n/12/5e ­ \C70/rm/m/n/12/5b ‰ \C70/rm/m/n/12/51 h \C70/rm/m/n/12/5f : \C70/rm/m/n/12/52 6 \C70/rm/m/n/12/6f „ \C70/rm/m/n/12/6e ^^E|\C70/rm/m/n/12/ff 	||^^Z| \C70/rm/m/n/12/75 ( \C70/rm/m/n/12/62 7 \C70/rm/m/n/12/8b ô\OT1/cmr/m/n/12 "\C70/rm/m/n/12/62 Š \C70/rm/m/n/12/95 è ^^A \C70/rm/m/n/12/62 S \C70/rm/m/n/12/5f ^^@\OT1/cmr/m/n/12 "\C70/rm/m/n/12/62 ^^V\OT1/cmr/m/n/12 "\C70/rm/m/n/12/89 ã \C70/rm/m/n/12/96 d \C70/rm/m/n/12/73 „ \C70/rm/m/n/12/51 s \C70/rm/m/n/12/5b ‰ \C70/rm/m/n/12/96 2\OT1/cmr/m/n/12 "|\C70/rm/m/n/12/ff ^^L| \C70/rm/m/n/12/53 s \C70/rm/m/n/12/4f ^^?
 []



[38

]

[39]

[40]

[41]
ç¬¬åä¸‰ç« 


[42

]
Underfull \hbox (badness 1810) in paragraph at lines 946--947
[]\C70/rm/m/n/12/4e Î \C70/rm/m/n/12/5d å \C70/rm/m/n/12/7a  \C70/rm/m/n/12/5b Œ \C70/rm/m/n/12/62 ^^P \C70/rm/m/n/12/5e ¦ \C70/rm/m/n/12/77 |\C70/rm/m/n/12/ff ^^L| \C70/rm/m/n/12/5f S \C70/rm/m/n/12/52 M \C70/rm/m/n/12/7c û \C70/rm/m/n/12/7e ß \C70/rm/m/n/12/5d ò \C70/rm/m/n/12/7e Ï \C70/rm/m/n/12/51 w \C70/rm/m/n/12/59 ^^G \C70/rm/m/n/12/82 å \C70/rm/m/n/12/5e r \C70/rm/m/n/12/4e § \C70/rm/m/n/12/54 Á \C70/rm/m/n/12/53 ^^V \C70/rm/m/n/12/57 ú \C70/rm/m/n/12/78 @ \C70/rm/m/n/12/80 ı \C70/rm/m/n/12/52 ›|\C70/rm/m/n/12/ff ^^L| \C70/rm/m/n/12/53 O \C70/rm/m/n/12/8b ® \C70/rm/m/n/12/5c B \C70/rm/m/n/12/5d ò \C70/rm/m/n/12/7e Ï \C70/rm/m/n/12/63 Ğ \C70/rm/m/n/12/4f ›
 []



[43]

[44]

[45]
Underfull \hbox (badness 7704) in paragraph at lines 986--987
[]\OT1/cmr/m/n/12 SessionStore |\C70/rm/m/n/12/ff ^^H|\OT1/cmr/m/n/12 core/memory/session[]store.py|\C70/rm/m/n/12/ff 	| \C70/rm/m/n/12/7e ô \C70/rm/m/n/12/62 ¤ \C70/rm/m/n/12/77 í \C70/rm/m/n/12/67 ^^_ \C70/rm/m/n/12/4f ^^Z \C70/rm/m/n/12/8b İ \C70/rm/m/n/12/72 ¶ \C70/rm/m/n/12/60 ^^A|\C70/rm/m/n/12/ff ^^L| \C70/rm/m/n/12/53 ^^E \C70/rm/m/n/12/54 + \OT1/cmr/m/n/12 cur-
 []


Underfull \hbox (badness 10000) in paragraph at lines 986--987
\OT1/cmr/m/n/12 rent[]scene|\C70/rm/m/n/12/30 ^^A| \OT1/cmr/m/n/12 last[]user[]input|\C70/rm/m/n/12/30 ^^A| \OT1/cmr/m/n/12 last[]normalized[]input|\C70/rm/m/n/12/30 ^^A| \OT1/cmr/m/n/12 last[]action|\C70/rm/m/n/12/30 ^^A| \OT1/cmr/m/n/12 last[]clarification|\C70/rm/m/n/12/30 ^^A|
 []



[46

]

[47]
LaTeX Font Info:    Trying to load font information for OMS+cmtt on input line 1011.
LaTeX Font Info:    No file OMScmtt.fd. on input line 1011.


LaTeX Font Warning: Font shape `OMS/cmtt/m/n' undefined
(Font)              using `OMS/cmsy/m/n' instead
(Font)              for symbol `textbraceleft' on input line 1011.



[48]

[49]

[50] (main.aux)
 ***********
LaTeX2e <2025-11-01>
L3 programming layer <2022/07/14>
 ***********


LaTeX Font Warning: Some font shapes were not available, defaults substituted.


LaTeX Warning: There were undefined references.


LaTeX Warning: Label(s) may have changed. Rerun to get cross-references right.


Package rerunfilecheck Warning: File `main.out' has changed.
(rerunfilecheck)                Rerun to get outlines right
(rerunfilecheck)                or use package `bookmark'.

Package rerunfilecheck Info: Checksums for `main.out':
(rerunfilecheck)             Before: <no file>
(rerunfilecheck)             After:  DF4FE7DF03C5930197B4A76371A5321A;6306.
 )
(\end occurred when \ifx on line 895 was incomplete)
(\end occurred when \ifx on line 895 was incomplete)
(\end occurred when \ifx on line 895 was incomplete)
(\end occurred when \ifx on line 880 was incomplete)
(\end occurred when \ifx on line 880 was incomplete)
(\end occurred when \ifx on line 880 was incomplete)
(\end occurred when \ifx on line 739 was incomplete)
(\end occurred when \ifx on line 739 was incomplete)
(\end occurred when \ifx on line 739 was incomplete)
(\end occurred when \ifx on line 610 was incomplete)
(\end occurred when \ifx on line 610 was incomplete)
(\end occurred when \ifx on line 610 was incomplete)
(\end occurred when \ifx on line 610 was incomplete)
(\end occurred when \ifx on line 473 was incomplete)
(\end occurred when \ifx on line 473 was incomplete)
(\end occurred when \ifx on line 473 was incomplete)
(\end occurred when \ifx on line 473 was incomplete)
(\end occurred when \ifx on line 455 was incomplete)
(\end occurred when \ifx on line 455 was incomplete)
(\end occurred when \ifx on line 455 was incomplete)
(\end occurred when \ifx on line 413 was incomplete)
(\end occurred when \ifx on line 413 was incomplete)
(\end occurred when \ifx on line 413 was incomplete)
(\end occurred when \ifx on line 398 was incomplete)
(\end occurred when \ifx on line 398 was incomplete)
(\end occurred when \ifx on line 398 was incomplete)
(\end occurred when \ifx on line 362 was incomplete)
(\end occurred when \ifx on line 362 was incomplete)
(\end occurred when \ifx on line 362 was incomplete)
(\end occurred when \ifx on line 362 was incomplete)
(\end occurred when \ifx on line 271 was incomplete)
(\end occurred when \ifx on line 271 was incomplete)
(\end occurred when \ifx on line 271 was incomplete)
(\end occurred when \ifx on line 251 was incomplete)
(\end occurred when \ifx on line 251 was incomplete)
(\end occurred when \ifx on line 251 was incomplete) 
Here is how much of TeX's memory you used:
 36829 strings out of 467872
 742704 string characters out of 5418597
 1126840 words of memory out of 5000000
 64423 multiletter control sequences out of 15000+600000
 746231 words of font info for 475 fonts, out of 8000000 for 9000
 1141 hyphenation exceptions out of 8191
 88i,12n,96p,1512b,626s stack positions out of 10000i,1000n,20000p,200000b,200000s
<C:/WINDOWS/Fonts/simfang.ttf> <C:\Users\wblxr\AppData\Local\MiKTeX\fonts/pk/ljfour/jknappen/ec/dpi657\tcrm1000.pk><C:/WINDOWS/Fonts/simfang.ttf><C:/WINDOWS/Fonts/simfang.ttf><C:/WINDOWS/Fonts/simfang.ttf><C:/WINDOWS/Fonts/simfang.ttf><C:/WINDOWS/Fonts/simfang.ttf><C:/WINDOWS/Fonts/simhei.ttf><C:/WINDOWS/Fonts/simhei.ttf><C:/WINDOWS/Fonts/simhei.ttf><C:/WINDOWS/Fonts/simhei.ttf><C:/WINDOWS/Fonts/simhei.ttf><C:/WINDOWS/Fonts/simhei.ttf><C:/WINDOWS/Fonts/simhei.ttf> <C:\Users\wblxr\AppData\Local\MiKTeX\fonts/pk/ljfour/jknappen/ec/dpi600\tcrm1200.pk><C:/WINDOWS/Fonts/simsun.ttc><C:/WINDOWS/Fonts/simsun.ttc><C:/WINDOWS/Fonts/simsun.ttc><C:/WINDOWS/Fonts/simhei.ttf><C:/WINDOWS/Fonts/simhei.ttf><C:/WINDOWS/Fonts/simhei.ttf><C:/WINDOWS/Fonts/simhei.ttf><C:/WINDOWS/Fonts/simhei.ttf><C:/WINDOWS/Fonts/simhei.ttf><C:/WINDOWS/Fonts/simhei.ttf><C:/WINDOWS/Fonts/simhei.ttf><C:/WINDOWS/Fonts/simhei.ttf><C:/WINDOWS/Fonts/simhei.ttf><C:/WINDOWS/Fonts/simhei.ttf><C:/WINDOWS/Fonts/simsun.ttc><C:/WINDOWS/Fonts/simhei.ttf><C:/WINDOWS/Fonts/simhei.ttf><C:/WINDOWS/Fonts/simhei.ttf><C:/WINDOWS/Fonts/simsun.ttc><C:/WINDOWS/Fonts/simhei.ttf><C:/WINDOWS/Fonts/simhei.ttf><C:/WINDOWS/Fonts/simhei.ttf><C:/WINDOWS/Fonts/simhei.ttf><C:/WINDOWS/Fonts/simhei.ttf><C:/WINDOWS/Fonts/simhei.ttf><C:/WINDOWS/Fonts/simhei.ttf><C:/WINDOWS/Fonts/simhei.ttf><C:/WINDOWS/Fonts/simhei.ttf><C:/WINDOWS/Fonts/simhei.ttf><C:/WINDOWS/Fonts/simsun.ttc><C:/WINDOWS/Fonts/simsun.ttc><C:/WINDOWS/Fonts/simhei.ttf><C:/WINDOWS/Fonts/simhei.ttf><C:/WINDOWS/Fonts/simhei.ttf><C:/WINDOWS/Fonts/simhei.ttf><C:/WINDOWS/Fonts/simhei.ttf><C:/WINDOWS/Fonts/simhei.ttf><C:/WINDOWS/Fonts/simhei.ttf><C:/WINDOWS/Fonts/simhei.ttf><C:/WINDOWS/Fonts/simhei.ttf><C:/WINDOWS/Fonts/simhei.ttf><C:/WINDOWS/Fonts/simhei.ttf><C:/WINDOWS/Fonts/simhei.ttf><C:/WINDOWS/Fonts/simsun.ttc><C:/WINDOWS/Fonts/simsun.ttc><C:/WINDOWS/Fonts/simsun.ttc><C:/WINDOWS/Fonts/simhei.ttf><C:/WINDOWS/Fonts/simhei.ttf><C:/WINDOWS/Fonts/simhei.ttf><C:/WINDOWS/Fonts/simhei.ttf><C:/WINDOWS/Fonts/simhei.ttf><C:/WINDOWS/Fonts/simhei.ttf><C:/WINDOWS/Fonts/simhei.ttf><C:/WINDOWS/Fonts/simsun.ttc><C:/WINDOWS/Fonts/simsun.ttc><C:/WINDOWS/Fonts/simsun.ttc><C:/WINDOWS/Fonts/simsun.ttc><C:/WINDOWS/Fonts/simsun.ttc><C:/WINDOWS/Fonts/simsun.ttc><C:/WINDOWS/Fonts/simsun.ttc><C:/WINDOWS/Fonts/simsun.ttc><C:/WINDOWS/Fonts/simsun.ttc><C:/WINDOWS/Fonts/simsun.ttc><C:/WINDOWS/Fonts/simsun.ttc><C:/WINDOWS/Fonts/simsun.ttc><C:/WINDOWS/Fonts/simsun.ttc><C:/WINDOWS/Fonts/simsun.ttc><C:/WINDOWS/Fonts/simsun.ttc><C:/WINDOWS/Fonts/simsun.ttc><C:/WINDOWS/Fonts/simsun.ttc><C:/WINDOWS/Fonts/simsun.ttc><C:/WINDOWS/Fonts/simsun.ttc><C:/WINDOWS/Fonts/simsun.ttc><C:/WINDOWS/Fonts/simsun.ttc><C:/WINDOWS/Fonts/simsun.ttc><C:/WINDOWS/Fonts/simsun.ttc><C:/WINDOWS/Fonts/simsun.ttc><C:/WINDOWS/Fonts/simsun.ttc><C:/WINDOWS/Fonts/simsun.ttc><C:/WINDOWS/Fonts/simsun.ttc><C:/WINDOWS/Fonts/simsun.ttc><C:/WINDOWS/Fonts/simsun.ttc><C:/WINDOWS/Fonts/simsun.ttc><C:/WINDOWS/Fonts/simsun.ttc><C:/WINDOWS/Fonts/simsun.ttc><C:/WINDOWS/Fonts/simsun.ttc><C:/WINDOWS/Fonts/simsun.ttc><C:/WINDOWS/Fonts/simsun.ttc><C:/WINDOWS/Fonts/simsun.ttc><C:/WINDOWS/Fonts/simsun.ttc><C:/WINDOWS/Fonts/simsun.ttc><C:/WINDOWS/Fonts/simsun.ttc><C:/WINDOWS/Fonts/simsun.ttc><C:/WINDOWS/Fonts/simsun.ttc><C:/WINDOWS/Fonts/simsun.ttc><C:/WINDOWS/Fonts/simsun.ttc><C:/WINDOWS/Fonts/simsun.ttc><C:/WINDOWS/Fonts/simsun.ttc><C:/WINDOWS/Fonts/simsun.ttc><C:/WINDOWS/Fonts/simsun.ttc><C:/WINDOWS/Fonts/simsun.ttc><C:/WINDOWS/Fonts/simsun.ttc><C:/WINDOWS/Fonts/simsun.ttc><C:/WINDOWS/Fonts/simsun.ttc><C:/WINDOWS/Fonts/simhei.ttf><C:/WINDOWS/Fonts/simhei.ttf><C:/WINDOWS/Fonts/simsun.ttc><C:/WINDOWS/Fonts/simsun.ttc><C:/WINDOWS/Fonts/simhei.ttf><C:/WINDOWS/Fonts/simsun.ttc><C:/WINDOWS/Fonts/simsun.ttc><C:/WINDOWS/Fonts/simsun.ttc><C:/WINDOWS/Fonts/simhei.ttf><C:/WINDOWS/Fonts/simhei.ttf><C:/WINDOWS/Fonts/simhei.ttf><C:/WINDOWS/Fonts/simhei.ttf><C:/WINDOWS/Fonts/simhei.ttf><C:/WINDOWS/Fonts/simsun.ttc><C:/WINDOWS/Fonts/simsun.ttc><C:/WINDOWS/Fonts/simsun.ttc><C:/WINDOWS/Fonts/simsun.ttc><C:/WINDOWS/Fonts/simsun.ttc><C:/WINDOWS/Fonts/simsun.ttc><C:/WINDOWS/Fonts/simsun.ttc><C:/WINDOWS/Fonts/simsun.ttc><C:/WINDOWS/Fonts/simsun.ttc><C:/WINDOWS/Fonts/simsun.ttc><C:/WINDOWS/Fonts/simsun.ttc><C:/WINDOWS/Fonts/simsun.ttc><C:/WINDOWS/Fonts/simsun.ttc><C:/WINDOWS/Fonts/simhei.ttf><C:/WINDOWS/Fonts/simhei.ttf><C:/WINDOWS/Fonts/simhei.ttf><C:/WINDOWS/Fonts/simhei.ttf><C:/WINDOWS/Fonts/simhei.ttf><C:/WINDOWS/Fonts/simhei.ttf><C:/WINDOWS/Fonts/simhei.ttf><C:/WINDOWS/Fonts/simhei.ttf><C:/WINDOWS/Fonts/simhei.ttf><C:/WINDOWS/Fonts/simhei.ttf><C:/Users/wblxr/AppData/Local/Programs/MiKTeX/fonts/type1/public/amsfonts/cm/cmbx10.pfb><C:/Users/wblxr/AppData/Local/Programs/MiKTeX/fonts/type1/public/amsfonts/cm/cmbx12.pfb><C:/Users/wblxr/AppData/Local/Programs/MiKTeX/fonts/type1/public/amsfonts/cm/cmex10.pfb><C:/Users/wblxr/AppData/Local/Programs/MiKTeX/fonts/type1/public/amsfonts/cm/cmmi12.pfb><C:/Users/wblxr/AppData/Local/Programs/MiKTeX/fonts/type1/public/amsfonts/cm/cmmi8.pfb><C:/Users/wblxr/AppData/Local/Programs/MiKTeX/fonts/type1/public/amsfonts/cm/cmr10.pfb><C:/Users/wblxr/AppData/Local/Programs/MiKTeX/fonts/type1/public/amsfonts/cm/cmr12.pfb><C:/Users/wblxr/AppData/Local/Programs/MiKTeX/fonts/type1/public/amsfonts/cm/cmr8.pfb><C:/Users/wblxr/AppData/Local/Programs/MiKTeX/fonts/type1/public/amsfonts/cm/cmsy10.pfb><C:/Users/wblxr/AppData/Local/Programs/MiKTeX/fonts/type1/public/amsfonts/cm/cmsy6.pfb><C:/Users/wblxr/AppData/Local/Programs/MiKTeX/fonts/type1/public/amsfonts/cm/cmsy8.pfb><C:/Users/wblxr/AppData/Local/Programs/MiKTeX/fonts/type1/public/amsfonts/cm/cmtt10.pfb><C:/Users/wblxr/AppData/Local/Programs/MiKTeX/fonts/type1/public/amsfonts/cm/cmtt12.pfb><C:/Users/wblxr/AppData/Local/Programs/MiKTeX/fonts/type1/public/amsfonts/symbols/msbm10.pfb>
Output written on main.pdf (54 pages, 1297428 bytes).
PDF statistics:
 1195 PDF objects out of 1200 (max. 8388607)
 167 named destinations out of 1000 (max. 500000)
 473 words of extra memory for PDF output out of 10000 (max. 10000000)

